﻿/**********************************************
*  Table EPREUVE (2) :                        *
*    - idEpreuve (PK)                         *
*    - nom                                    *
*                                             *
**********************************************/
CREATE TABLE epreuve
(
  idepreuve character(3) NOT NULL,
  nom text,
  CONSTRAINT pk_epreuve PRIMARY KEY (idepreuve)
);

/**********************************************
*  Données de la table EPREUVE (4)            *
*                                             *
**********************************************/
INSERT INTO epreuve VALUES ('TDF','Tour de France'),
('PNC','Paris Nice'),
('PRX','Paris Roubaix'),
('CDD','Critérium du Dauphiné');

/**********************************************
*  Création de la table coureur_new qui va    *
*  accueillir les données de la table coureur *
*                                             *
**********************************************/
CREATE TABLE coureur_new
(
  codeuci character(11),
  dossard integer,
  nom text,
  prenom text,
  datedenaissance date,
  nationalite character(3),
  idequipe character(3)
);

/**********************************************
*  Recopie des données de la table d'origine  *
*  en laissant vide le champ codeUCI          *
*                                             *
**********************************************/
INSERT INTO coureur_new (dossard,nom,prenom,datedenaissance,nationalite,idequipe)
SELECT *
FROM coureur;

/**********************************************
*  Transcription du code UCI en lieu et       *
*  lieu et place du dossard                   *
*                                             *
**********************************************/
UPDATE coureur_new SET codeUCI = 'ESP19821206' WHERE dossard = 1;
UPDATE coureur_new SET codeUCI = 'ESP19810928' WHERE dossard = 2;
UPDATE coureur_new SET codeUCI = 'ESP19830718' WHERE dossard = 3;
UPDATE coureur_new SET codeUCI = 'ESP19790123' WHERE dossard = 4;
UPDATE coureur_new SET codeUCI = 'AUS19850130' WHERE dossard = 5;
UPDATE coureur_new SET codeUCI = 'DEN19840905' WHERE dossard = 6;
UPDATE coureur_new SET codeUCI = 'DEN19750514' WHERE dossard = 7;
UPDATE coureur_new SET codeUCI = 'ITA19740514' WHERE dossard = 8;
UPDATE coureur_new SET codeUCI = 'DEN19811204' WHERE dossard = 9;
UPDATE coureur_new SET codeUCI = 'LUX19850610' WHERE dossard = 11;
UPDATE coureur_new SET codeUCI = 'SUI19810318' WHERE dossard = 12;
UPDATE coureur_new SET codeUCI = 'DEN19850322' WHERE dossard = 13;
UPDATE coureur_new SET codeUCI = 'GER19820916' WHERE dossard = 14;
UPDATE coureur_new SET codeUCI = 'BEL19830114' WHERE dossard = 15;
UPDATE coureur_new SET codeUCI = 'AUS19730806' WHERE dossard = 16;
UPDATE coureur_new SET codeUCI = 'NED19810308' WHERE dossard = 17;
UPDATE coureur_new SET codeUCI = 'LUX19800415' WHERE dossard = 18;
UPDATE coureur_new SET codeUCI = 'GER19710917' WHERE dossard = 19;
UPDATE coureur_new SET codeUCI = 'ESP19780205' WHERE dossard = 21;
UPDATE coureur_new SET codeUCI = 'ESP19871007' WHERE dossard = 22;
UPDATE coureur_new SET codeUCI = 'ESP19780515' WHERE dossard = 23;
UPDATE coureur_new SET codeUCI = 'ESP19820715' WHERE dossard = 24;
UPDATE coureur_new SET codeUCI = 'ESP19811030' WHERE dossard = 25;
UPDATE coureur_new SET codeUCI = 'ESP19821110' WHERE dossard = 26;
UPDATE coureur_new SET codeUCI = 'ESP19800329' WHERE dossard = 27;
UPDATE coureur_new SET codeUCI = 'ESP19800207' WHERE dossard = 28;
UPDATE coureur_new SET codeUCI = 'ESP19781104' WHERE dossard = 29;
UPDATE coureur_new SET codeUCI = 'BEL19830201' WHERE dossard = 31;
UPDATE coureur_new SET codeUCI = 'BEL19820705' WHERE dossard = 32;
UPDATE coureur_new SET codeUCI = 'GER19820716' WHERE dossard = 33;
UPDATE coureur_new SET codeUCI = 'GER19790915' WHERE dossard = 34;
UPDATE coureur_new SET codeUCI = 'BEL19850702' WHERE dossard = 35;
UPDATE coureur_new SET codeUCI = 'GER19820430' WHERE dossard = 36;
UPDATE coureur_new SET codeUCI = 'BEL19770209' WHERE dossard = 37;
UPDATE coureur_new SET codeUCI = 'BEL19850219' WHERE dossard = 38;
UPDATE coureur_new SET codeUCI = 'BEL19790908' WHERE dossard = 39;
UPDATE coureur_new SET codeUCI = 'NED19860531' WHERE dossard = 41;
UPDATE coureur_new SET codeUCI = 'ESP19810605' WHERE dossard = 42;
UPDATE coureur_new SET codeUCI = 'NED19851230' WHERE dossard = 43;
UPDATE coureur_new SET codeUCI = 'ESP19760424' WHERE dossard = 44;
UPDATE coureur_new SET codeUCI = 'NED19861126' WHERE dossard = 45;
UPDATE coureur_new SET codeUCI = 'GER19751103' WHERE dossard = 46;
UPDATE coureur_new SET codeUCI = 'ESP19831124' WHERE dossard = 47;
UPDATE coureur_new SET codeUCI = 'NED19801113' WHERE dossard = 48;
UPDATE coureur_new SET codeUCI = 'NED19771105' WHERE dossard = 49;
UPDATE coureur_new SET codeUCI = 'NOR19780118' WHERE dossard = 51;
UPDATE coureur_new SET codeUCI = 'USA19780313' WHERE dossard = 52;
UPDATE coureur_new SET codeUCI = 'NZL19750128' WHERE dossard = 53;
UPDATE coureur_new SET codeUCI = 'USA19840602' WHERE dossard = 54;
UPDATE coureur_new SET codeUCI = 'CAN19801209' WHERE dossard = 55;
UPDATE coureur_new SET codeUCI = 'GBR19770104' WHERE dossard = 56;
UPDATE coureur_new SET codeUCI = 'LTU19880130' WHERE dossard = 57;
UPDATE coureur_new SET codeUCI = 'USA19760522' WHERE dossard = 58;
UPDATE coureur_new SET codeUCI = 'USA19790112' WHERE dossard = 59;
UPDATE coureur_new SET codeUCI = 'KAZ19730916' WHERE dossard = 61;
UPDATE coureur_new SET codeUCI = 'FRA19850731' WHERE dossard = 62;
UPDATE coureur_new SET codeUCI = 'KAZ19760815' WHERE dossard = 63;
UPDATE coureur_new SET codeUCI = 'UKR19830807' WHERE dossard = 64;
UPDATE coureur_new SET codeUCI = 'KAZ19810418' WHERE dossard = 65;
UPDATE coureur_new SET codeUCI = 'CZE19860506' WHERE dossard = 66;
UPDATE coureur_new SET codeUCI = 'ITA19770708' WHERE dossard = 67;
UPDATE coureur_new SET codeUCI = 'LTU19820204' WHERE dossard = 68;
UPDATE coureur_new SET codeUCI = 'KAZ19861214' WHERE dossard = 69;
UPDATE coureur_new SET codeUCI = 'SLO19831218' WHERE dossard = 71;
UPDATE coureur_new SET codeUCI = 'USA19711023' WHERE dossard = 72;
UPDATE coureur_new SET codeUCI = 'ESP19800205' WHERE dossard = 73;
UPDATE coureur_new SET codeUCI = 'GER19750622' WHERE dossard = 74;
UPDATE coureur_new SET codeUCI = 'USA19731024' WHERE dossard = 75;
UPDATE coureur_new SET codeUCI = 'KAZ19791102' WHERE dossard = 76;
UPDATE coureur_new SET codeUCI = 'POR19800326' WHERE dossard = 77;
UPDATE coureur_new SET codeUCI = 'UKR19800104' WHERE dossard = 78;
UPDATE coureur_new SET codeUCI = 'ESP19770401' WHERE dossard = 79;
UPDATE coureur_new SET codeUCI = 'ESP19800107' WHERE dossard = 81;
UPDATE coureur_new SET codeUCI = 'CRC19860829' WHERE dossard = 82;
UPDATE coureur_new SET codeUCI = 'POR19861005' WHERE dossard = 83;
UPDATE coureur_new SET codeUCI = 'ESP19831115' WHERE dossard = 84;
UPDATE coureur_new SET codeUCI = 'ESP19781127' WHERE dossard = 85;
UPDATE coureur_new SET codeUCI = 'ESP19860320' WHERE dossard = 86;
UPDATE coureur_new SET codeUCI = 'BLR19810628' WHERE dossard = 87;
UPDATE coureur_new SET codeUCI = 'ESP19850608' WHERE dossard = 88;
UPDATE coureur_new SET codeUCI = 'ESP19820506' WHERE dossard = 89;
UPDATE coureur_new SET codeUCI = 'ITA19771126' WHERE dossard = 91;
UPDATE coureur_new SET codeUCI = 'POL19850307' WHERE dossard = 92;
UPDATE coureur_new SET codeUCI = 'SLO19861125' WHERE dossard = 93;
UPDATE coureur_new SET codeUCI = 'ITA19801210' WHERE dossard = 94;
UPDATE coureur_new SET codeUCI = 'ITA19870113' WHERE dossard = 95;
UPDATE coureur_new SET codeUCI = 'POL19860912' WHERE dossard = 96;
UPDATE coureur_new SET codeUCI = 'ITA19850218' WHERE dossard = 97;
UPDATE coureur_new SET codeUCI = 'POL19780302' WHERE dossard = 98;
UPDATE coureur_new SET codeUCI = 'ITA19800916' WHERE dossard = 99;
UPDATE coureur_new SET codeUCI = 'IRL19840703' WHERE dossard = 101;
UPDATE coureur_new SET codeUCI = 'FRA19861103' WHERE dossard = 102;
UPDATE coureur_new SET codeUCI = 'FRA19801113' WHERE dossard = 103;
UPDATE coureur_new SET codeUCI = 'FRA19790422' WHERE dossard = 104;
UPDATE coureur_new SET codeUCI = 'FRA19740211' WHERE dossard = 105;
UPDATE coureur_new SET codeUCI = 'FRA19860903' WHERE dossard = 106;
UPDATE coureur_new SET codeUCI = 'FRA19820612' WHERE dossard = 107;
UPDATE coureur_new SET codeUCI = 'FRA19770522' WHERE dossard = 108;
UPDATE coureur_new SET codeUCI = 'FRA19810117' WHERE dossard = 109;
UPDATE coureur_new SET codeUCI = 'GBR19800428' WHERE dossard = 111;
UPDATE coureur_new SET codeUCI = 'ESP19770917' WHERE dossard = 112;
UPDATE coureur_new SET codeUCI = 'AUS19800516' WHERE dossard = 113;
UPDATE coureur_new SET codeUCI = 'NOR19870517' WHERE dossard = 114;
UPDATE coureur_new SET codeUCI = 'GER19810305' WHERE dossard = 115;
UPDATE coureur_new SET codeUCI = 'GBR19871105' WHERE dossard = 116;
UPDATE coureur_new SET codeUCI = 'GBR19860525' WHERE dossard = 117;
UPDATE coureur_new SET codeUCI = 'COL19870126' WHERE dossard = 118;
UPDATE coureur_new SET codeUCI = 'ESP19770317' WHERE dossard = 119;
UPDATE coureur_new SET codeUCI = 'FRA19790630' WHERE dossard = 121;
UPDATE coureur_new SET codeUCI = 'BEL19801015' WHERE dossard = 122;
UPDATE coureur_new SET codeUCI = 'GER19860919' WHERE dossard = 123;
UPDATE coureur_new SET codeUCI = 'BEL19820527' WHERE dossard = 124;
UPDATE coureur_new SET codeUCI = 'BEL19830722' WHERE dossard = 125;
UPDATE coureur_new SET codeUCI = 'NED19770616' WHERE dossard = 126;
UPDATE coureur_new SET codeUCI = 'FRA19800102' WHERE dossard = 127;
UPDATE coureur_new SET codeUCI = 'BEL19800930' WHERE dossard = 128;
UPDATE coureur_new SET codeUCI = 'NED19840518' WHERE dossard = 129;
UPDATE coureur_new SET codeUCI = 'FRA19790202' WHERE dossard = 131;
UPDATE coureur_new SET codeUCI = 'FRA19820625' WHERE dossard = 132;
UPDATE coureur_new SET codeUCI = 'FRA19850806' WHERE dossard = 133;
UPDATE coureur_new SET codeUCI = 'FRA19860116' WHERE dossard = 134;
UPDATE coureur_new SET codeUCI = 'BEL19851205' WHERE dossard = 135;
UPDATE coureur_new SET codeUCI = 'FRA19820404' WHERE dossard = 136;
UPDATE coureur_new SET codeUCI = 'FRA19870418' WHERE dossard = 137;
UPDATE coureur_new SET codeUCI = 'FRA19830622' WHERE dossard = 138;
UPDATE coureur_new SET codeUCI = 'FRA19881126' WHERE dossard = 139;
UPDATE coureur_new SET codeUCI = 'AUS19770214' WHERE dossard = 141;
UPDATE coureur_new SET codeUCI = 'USA19840216' WHERE dossard = 142;
UPDATE coureur_new SET codeUCI = 'GER19830630' WHERE dossard = 143;
UPDATE coureur_new SET codeUCI = 'USA19730629' WHERE dossard = 144;
UPDATE coureur_new SET codeUCI = 'FRA19820202' WHERE dossard = 145;
UPDATE coureur_new SET codeUCI = 'SUI19830130' WHERE dossard = 146;
UPDATE coureur_new SET codeUCI = 'ITA19791030' WHERE dossard = 147;
UPDATE coureur_new SET codeUCI = 'ITA19840430' WHERE dossard = 148;
UPDATE coureur_new SET codeUCI = 'SUI19860929' WHERE dossard = 149;
UPDATE coureur_new SET codeUCI = 'EST19870424' WHERE dossard = 151;
UPDATE coureur_new SET codeUCI = 'FRA19790521' WHERE dossard = 152;
UPDATE coureur_new SET codeUCI = 'FRA19800820' WHERE dossard = 153;
UPDATE coureur_new SET codeUCI = 'COL19800410' WHERE dossard = 154;
UPDATE coureur_new SET codeUCI = 'FRA19850601' WHERE dossard = 155;
UPDATE coureur_new SET codeUCI = 'FRA19880524' WHERE dossard = 156;
UPDATE coureur_new SET codeUCI = 'FRA19750430' WHERE dossard = 157;
UPDATE coureur_new SET codeUCI = 'FRA19820223' WHERE dossard = 158;
UPDATE coureur_new SET codeUCI = 'BEL19870129' WHERE dossard = 159;
UPDATE coureur_new SET codeUCI = 'ITA19810919' WHERE dossard = 161;
UPDATE coureur_new SET codeUCI = 'ITA19780108' WHERE dossard = 162;
UPDATE coureur_new SET codeUCI = 'SLO19850813' WHERE dossard = 163;
UPDATE coureur_new SET codeUCI = 'ITA19831111' WHERE dossard = 164;
UPDATE coureur_new SET codeUCI = 'GER19740104' WHERE dossard = 165;
UPDATE coureur_new SET codeUCI = 'UKR19820313' WHERE dossard = 166;
UPDATE coureur_new SET codeUCI = 'SUI19800508' WHERE dossard = 167;
UPDATE coureur_new SET codeUCI = 'ITA19880128' WHERE dossard = 168;
UPDATE coureur_new SET codeUCI = 'ITA19740103' WHERE dossard = 169;
UPDATE coureur_new SET codeUCI = 'GBR19850521' WHERE dossard = 171;
UPDATE coureur_new SET codeUCI = 'DEN19800116' WHERE dossard = 172;
UPDATE coureur_new SET codeUCI = 'AUT19810217' WHERE dossard = 173;
UPDATE coureur_new SET codeUCI = 'AUS19861105' WHERE dossard = 174;
UPDATE coureur_new SET codeUCI = 'GER19850423' WHERE dossard = 175;
UPDATE coureur_new SET codeUCI = 'USA19790324' WHERE dossard = 176;
UPDATE coureur_new SET codeUCI = 'AUS19821022' WHERE dossard = 177;
UPDATE coureur_new SET codeUCI = 'USA19880812' WHERE dossard = 178;
UPDATE coureur_new SET codeUCI = 'SVK19850221' WHERE dossard = 179;
UPDATE coureur_new SET codeUCI = 'FRA19790622' WHERE dossard = 181;
UPDATE coureur_new SET codeUCI = 'FRA19790604' WHERE dossard = 182;
UPDATE coureur_new SET codeUCI = 'FRA19870926' WHERE dossard = 183;
UPDATE coureur_new SET codeUCI = 'FRA19810625' WHERE dossard = 184;
UPDATE coureur_new SET codeUCI = 'FRA19841126' WHERE dossard = 185;
UPDATE coureur_new SET codeUCI = 'FRA19810118' WHERE dossard = 186;
UPDATE coureur_new SET codeUCI = 'FRA19840426' WHERE dossard = 187;
UPDATE coureur_new SET codeUCI = 'FRA19861010' WHERE dossard = 188;
UPDATE coureur_new SET codeUCI = 'FRA19840411' WHERE dossard = 189;
UPDATE coureur_new SET codeUCI = 'RUS19800920' WHERE dossard = 191;
UPDATE coureur_new SET codeUCI = 'RUS19820129' WHERE dossard = 192;
UPDATE coureur_new SET codeUCI = 'RUS19870307' WHERE dossard = 193;
UPDATE coureur_new SET codeUCI = 'RUS19820704' WHERE dossard = 194;
UPDATE coureur_new SET codeUCI = 'RUS19850507' WHERE dossard = 195;
UPDATE coureur_new SET codeUCI = 'RUS19860421' WHERE dossard = 196;
UPDATE coureur_new SET codeUCI = 'RUS19810504' WHERE dossard = 197;
UPDATE coureur_new SET codeUCI = 'RUS19880625' WHERE dossard = 198;
UPDATE coureur_new SET codeUCI = 'RUS19840126' WHERE dossard = 199;
UPDATE coureur_new SET codeUCI = 'FRA19840416' WHERE dossard = 201;
UPDATE coureur_new SET codeUCI = 'SLO19800808' WHERE dossard = 202;
UPDATE coureur_new SET codeUCI = 'BEL19861106' WHERE dossard = 203;
UPDATE coureur_new SET codeUCI = 'NED19830513' WHERE dossard = 204;
UPDATE coureur_new SET codeUCI = 'BEL19770701' WHERE dossard = 205;
UPDATE coureur_new SET codeUCI = 'ITA19840211' WHERE dossard = 206;
UPDATE coureur_new SET codeUCI = 'NED19871001' WHERE dossard = 207;
UPDATE coureur_new SET codeUCI = 'NED19861112' WHERE dossard = 208;
UPDATE coureur_new SET codeUCI = 'NED19820911' WHERE dossard = 209;
UPDATE coureur_new SET codeUCI = 'FRA19860806' WHERE dossard = 211;
UPDATE coureur_new SET codeUCI = 'FRA19801006' WHERE dossard = 212;
UPDATE coureur_new SET codeUCI = 'FRA19890911' WHERE dossard = 213;
UPDATE coureur_new SET codeUCI = 'FRA19791207' WHERE dossard = 214;
UPDATE coureur_new SET codeUCI = 'FRA19830408' WHERE dossard = 215;
UPDATE coureur_new SET codeUCI = 'FRA19850323' WHERE dossard = 216;
UPDATE coureur_new SET codeUCI = 'FRA19841204' WHERE dossard = 217;
UPDATE coureur_new SET codeUCI = 'FRA19810522' WHERE dossard = 218;
UPDATE coureur_new SET codeUCI = 'FRA19810706' WHERE dossard = 219;

/**********************************************
*  Création de la table participer qui va     *
*  référencer les numéros de dossards des     *
*  coureurs en fonction des épreuves          *
*                                             *
**********************************************/
CREATE TABLE participer
(
  idepreuve character(3) NOT NULL,
  idcoureur character(11) NOT NULL,
  dossard integer,
  CONSTRAINT pk_participer PRIMARY KEY(idepreuve,idcoureur),
  CONSTRAINT fk_participer_epreuve FOREIGN KEY (idepreuve) REFERENCES epreuve (idepreuve)
);

/**********************************************
*  Recopie des données de la table participer *
*  à partir de la table coureur_new           *
*                                             *
**********************************************/
INSERT INTO participer
SELECT 'TDF',codeUCI,dossard
FROM coureur_new;

/**********************************************
*  Suppression du champ dossard de la table   *
*  coureur_new devenu inutile puisque présent *
*  dans la table participer                   *
*                                             *
**********************************************/
ALTER TABLE coureur_new
DROP COLUMN dossard;

/**********************************************
*  Création de la table etape_new qui va      *
*  accueillir les données de la table etape   *
*                                             *
**********************************************/
CREATE TABLE etape_new
(
  idepreuve character(3),
  idetape integer,
  villedepart text,
  villearrivee text,
  distance numeric(4,1)
);

/**********************************************
*  Recopie des données de la table d'origine  *
*                                             *
**********************************************/
INSERT INTO etape_new
SELECT 'TDF',idetape,villedepart,villearrivee,distance
FROM etape;

/**********************************************
*  Création de la table resultatetape_new qui *
*  va accueillir les données de la table      *
*  etape                                      *
*                                             *
**********************************************/
CREATE TABLE resultatetape_new
(
  idepreuve character(3),
  idetape integer,
  idcoureur integer,
  classement integer,
  temps time without time zone,
  abandon boolean
);

/**********************************************
*  Recopie des données de la table d'origine  *
*                                             *
**********************************************/
INSERT INTO resultatetape_new
SELECT 'TDF',idetape,idcoureur,classement,temps,abandon
FROM resultatetape;

/**********************************************
*  Changement du type de idCoureur qui        *
*  devient ainsi compatible avec le codeUCI   *
*  qui est désormais la clé primaire de       *
*  coureur.                                   *
*                                             *
**********************************************/
ALTER TABLE resultatetape_new
ALTER COLUMN idCoureur TYPE character(11);

/**********************************************
*  Transcription du code UCI en lieu et       *
*  lieu et place de ce qui correspondait au   *
*  dossard                                    *
*                                             *
**********************************************/
UPDATE resultatetape_new SET idCoureur = 'ESP19821206' WHERE idCoureur = '1';
UPDATE resultatetape_new SET idCoureur = 'ESP19810928' WHERE idCoureur = '2';
UPDATE resultatetape_new SET idCoureur = 'ESP19830718' WHERE idCoureur = '3';
UPDATE resultatetape_new SET idCoureur = 'ESP19790123' WHERE idCoureur = '4';
UPDATE resultatetape_new SET idCoureur = 'AUS19850130' WHERE idCoureur = '5';
UPDATE resultatetape_new SET idCoureur = 'DEN19840905' WHERE idCoureur = '6';
UPDATE resultatetape_new SET idCoureur = 'DEN19750514' WHERE idCoureur = '7';
UPDATE resultatetape_new SET idCoureur = 'ITA19740514' WHERE idCoureur = '8';
UPDATE resultatetape_new SET idCoureur = 'DEN19811204' WHERE idCoureur = '9';
UPDATE resultatetape_new SET idCoureur = 'LUX19850610' WHERE idCoureur = '11';
UPDATE resultatetape_new SET idCoureur = 'SUI19810318' WHERE idCoureur = '12';
UPDATE resultatetape_new SET idCoureur = 'DEN19850322' WHERE idCoureur = '13';
UPDATE resultatetape_new SET idCoureur = 'GER19820916' WHERE idCoureur = '14';
UPDATE resultatetape_new SET idCoureur = 'BEL19830114' WHERE idCoureur = '15';
UPDATE resultatetape_new SET idCoureur = 'AUS19730806' WHERE idCoureur = '16';
UPDATE resultatetape_new SET idCoureur = 'NED19810308' WHERE idCoureur = '17';
UPDATE resultatetape_new SET idCoureur = 'LUX19800415' WHERE idCoureur = '18';
UPDATE resultatetape_new SET idCoureur = 'GER19710917' WHERE idCoureur = '19';
UPDATE resultatetape_new SET idCoureur = 'ESP19780205' WHERE idCoureur = '21';
UPDATE resultatetape_new SET idCoureur = 'ESP19871007' WHERE idCoureur = '22';
UPDATE resultatetape_new SET idCoureur = 'ESP19780515' WHERE idCoureur = '23';
UPDATE resultatetape_new SET idCoureur = 'ESP19820715' WHERE idCoureur = '24';
UPDATE resultatetape_new SET idCoureur = 'ESP19811030' WHERE idCoureur = '25';
UPDATE resultatetape_new SET idCoureur = 'ESP19821110' WHERE idCoureur = '26';
UPDATE resultatetape_new SET idCoureur = 'ESP19800329' WHERE idCoureur = '27';
UPDATE resultatetape_new SET idCoureur = 'ESP19800207' WHERE idCoureur = '28';
UPDATE resultatetape_new SET idCoureur = 'ESP19781104' WHERE idCoureur = '29';
UPDATE resultatetape_new SET idCoureur = 'BEL19830201' WHERE idCoureur = '31';
UPDATE resultatetape_new SET idCoureur = 'BEL19820705' WHERE idCoureur = '32';
UPDATE resultatetape_new SET idCoureur = 'GER19820716' WHERE idCoureur = '33';
UPDATE resultatetape_new SET idCoureur = 'GER19790915' WHERE idCoureur = '34';
UPDATE resultatetape_new SET idCoureur = 'BEL19850702' WHERE idCoureur = '35';
UPDATE resultatetape_new SET idCoureur = 'GER19820430' WHERE idCoureur = '36';
UPDATE resultatetape_new SET idCoureur = 'BEL19770209' WHERE idCoureur = '37';
UPDATE resultatetape_new SET idCoureur = 'BEL19850219' WHERE idCoureur = '38';
UPDATE resultatetape_new SET idCoureur = 'BEL19790908' WHERE idCoureur = '39';
UPDATE resultatetape_new SET idCoureur = 'NED19860531' WHERE idCoureur = '41';
UPDATE resultatetape_new SET idCoureur = 'ESP19810605' WHERE idCoureur = '42';
UPDATE resultatetape_new SET idCoureur = 'NED19851230' WHERE idCoureur = '43';
UPDATE resultatetape_new SET idCoureur = 'ESP19760424' WHERE idCoureur = '44';
UPDATE resultatetape_new SET idCoureur = 'NED19861126' WHERE idCoureur = '45';
UPDATE resultatetape_new SET idCoureur = 'GER19751103' WHERE idCoureur = '46';
UPDATE resultatetape_new SET idCoureur = 'ESP19831124' WHERE idCoureur = '47';
UPDATE resultatetape_new SET idCoureur = 'NED19801113' WHERE idCoureur = '48';
UPDATE resultatetape_new SET idCoureur = 'NED19771105' WHERE idCoureur = '49';
UPDATE resultatetape_new SET idCoureur = 'NOR19780118' WHERE idCoureur = '51';
UPDATE resultatetape_new SET idCoureur = 'USA19780313' WHERE idCoureur = '52';
UPDATE resultatetape_new SET idCoureur = 'NZL19750128' WHERE idCoureur = '53';
UPDATE resultatetape_new SET idCoureur = 'USA19840602' WHERE idCoureur = '54';
UPDATE resultatetape_new SET idCoureur = 'CAN19801209' WHERE idCoureur = '55';
UPDATE resultatetape_new SET idCoureur = 'GBR19770104' WHERE idCoureur = '56';
UPDATE resultatetape_new SET idCoureur = 'LTU19880130' WHERE idCoureur = '57';
UPDATE resultatetape_new SET idCoureur = 'USA19760522' WHERE idCoureur = '58';
UPDATE resultatetape_new SET idCoureur = 'USA19790112' WHERE idCoureur = '59';
UPDATE resultatetape_new SET idCoureur = 'KAZ19730916' WHERE idCoureur = '61';
UPDATE resultatetape_new SET idCoureur = 'FRA19850731' WHERE idCoureur = '62';
UPDATE resultatetape_new SET idCoureur = 'KAZ19760815' WHERE idCoureur = '63';
UPDATE resultatetape_new SET idCoureur = 'UKR19830807' WHERE idCoureur = '64';
UPDATE resultatetape_new SET idCoureur = 'KAZ19810418' WHERE idCoureur = '65';
UPDATE resultatetape_new SET idCoureur = 'CZE19860506' WHERE idCoureur = '66';
UPDATE resultatetape_new SET idCoureur = 'ITA19770708' WHERE idCoureur = '67';
UPDATE resultatetape_new SET idCoureur = 'LTU19820204' WHERE idCoureur = '68';
UPDATE resultatetape_new SET idCoureur = 'KAZ19861214' WHERE idCoureur = '69';
UPDATE resultatetape_new SET idCoureur = 'SLO19831218' WHERE idCoureur = '71';
UPDATE resultatetape_new SET idCoureur = 'USA19711023' WHERE idCoureur = '72';
UPDATE resultatetape_new SET idCoureur = 'ESP19800205' WHERE idCoureur = '73';
UPDATE resultatetape_new SET idCoureur = 'GER19750622' WHERE idCoureur = '74';
UPDATE resultatetape_new SET idCoureur = 'USA19731024' WHERE idCoureur = '75';
UPDATE resultatetape_new SET idCoureur = 'KAZ19791102' WHERE idCoureur = '76';
UPDATE resultatetape_new SET idCoureur = 'POR19800326' WHERE idCoureur = '77';
UPDATE resultatetape_new SET idCoureur = 'UKR19800104' WHERE idCoureur = '78';
UPDATE resultatetape_new SET idCoureur = 'ESP19770401' WHERE idCoureur = '79';
UPDATE resultatetape_new SET idCoureur = 'ESP19800107' WHERE idCoureur = '81';
UPDATE resultatetape_new SET idCoureur = 'CRC19860829' WHERE idCoureur = '82';
UPDATE resultatetape_new SET idCoureur = 'POR19861005' WHERE idCoureur = '83';
UPDATE resultatetape_new SET idCoureur = 'ESP19831115' WHERE idCoureur = '84';
UPDATE resultatetape_new SET idCoureur = 'ESP19781127' WHERE idCoureur = '85';
UPDATE resultatetape_new SET idCoureur = 'ESP19860320' WHERE idCoureur = '86';
UPDATE resultatetape_new SET idCoureur = 'BLR19810628' WHERE idCoureur = '87';
UPDATE resultatetape_new SET idCoureur = 'ESP19850608' WHERE idCoureur = '88';
UPDATE resultatetape_new SET idCoureur = 'ESP19820506' WHERE idCoureur = '89';
UPDATE resultatetape_new SET idCoureur = 'ITA19771126' WHERE idCoureur = '91';
UPDATE resultatetape_new SET idCoureur = 'POL19850307' WHERE idCoureur = '92';
UPDATE resultatetape_new SET idCoureur = 'SLO19861125' WHERE idCoureur = '93';
UPDATE resultatetape_new SET idCoureur = 'ITA19801210' WHERE idCoureur = '94';
UPDATE resultatetape_new SET idCoureur = 'ITA19870113' WHERE idCoureur = '95';
UPDATE resultatetape_new SET idCoureur = 'POL19860912' WHERE idCoureur = '96';
UPDATE resultatetape_new SET idCoureur = 'ITA19850218' WHERE idCoureur = '97';
UPDATE resultatetape_new SET idCoureur = 'POL19780302' WHERE idCoureur = '98';
UPDATE resultatetape_new SET idCoureur = 'ITA19800916' WHERE idCoureur = '99';
UPDATE resultatetape_new SET idCoureur = 'IRL19840703' WHERE idCoureur = '101';
UPDATE resultatetape_new SET idCoureur = 'FRA19861103' WHERE idCoureur = '102';
UPDATE resultatetape_new SET idCoureur = 'FRA19801113' WHERE idCoureur = '103';
UPDATE resultatetape_new SET idCoureur = 'FRA19790422' WHERE idCoureur = '104';
UPDATE resultatetape_new SET idCoureur = 'FRA19740211' WHERE idCoureur = '105';
UPDATE resultatetape_new SET idCoureur = 'FRA19860903' WHERE idCoureur = '106';
UPDATE resultatetape_new SET idCoureur = 'FRA19820612' WHERE idCoureur = '107';
UPDATE resultatetape_new SET idCoureur = 'FRA19770522' WHERE idCoureur = '108';
UPDATE resultatetape_new SET idCoureur = 'FRA19810117' WHERE idCoureur = '109';
UPDATE resultatetape_new SET idCoureur = 'GBR19800428' WHERE idCoureur = '111';
UPDATE resultatetape_new SET idCoureur = 'ESP19770917' WHERE idCoureur = '112';
UPDATE resultatetape_new SET idCoureur = 'AUS19800516' WHERE idCoureur = '113';
UPDATE resultatetape_new SET idCoureur = 'NOR19870517' WHERE idCoureur = '114';
UPDATE resultatetape_new SET idCoureur = 'GER19810305' WHERE idCoureur = '115';
UPDATE resultatetape_new SET idCoureur = 'GBR19871105' WHERE idCoureur = '116';
UPDATE resultatetape_new SET idCoureur = 'GBR19860525' WHERE idCoureur = '117';
UPDATE resultatetape_new SET idCoureur = 'COL19870126' WHERE idCoureur = '118';
UPDATE resultatetape_new SET idCoureur = 'ESP19770317' WHERE idCoureur = '119';
UPDATE resultatetape_new SET idCoureur = 'FRA19790630' WHERE idCoureur = '121';
UPDATE resultatetape_new SET idCoureur = 'BEL19801015' WHERE idCoureur = '122';
UPDATE resultatetape_new SET idCoureur = 'GER19860919' WHERE idCoureur = '123';
UPDATE resultatetape_new SET idCoureur = 'BEL19820527' WHERE idCoureur = '124';
UPDATE resultatetape_new SET idCoureur = 'BEL19830722' WHERE idCoureur = '125';
UPDATE resultatetape_new SET idCoureur = 'NED19770616' WHERE idCoureur = '126';
UPDATE resultatetape_new SET idCoureur = 'FRA19800102' WHERE idCoureur = '127';
UPDATE resultatetape_new SET idCoureur = 'BEL19800930' WHERE idCoureur = '128';
UPDATE resultatetape_new SET idCoureur = 'NED19840518' WHERE idCoureur = '129';
UPDATE resultatetape_new SET idCoureur = 'FRA19790202' WHERE idCoureur = '131';
UPDATE resultatetape_new SET idCoureur = 'FRA19820625' WHERE idCoureur = '132';
UPDATE resultatetape_new SET idCoureur = 'FRA19850806' WHERE idCoureur = '133';
UPDATE resultatetape_new SET idCoureur = 'FRA19860116' WHERE idCoureur = '134';
UPDATE resultatetape_new SET idCoureur = 'BEL19851205' WHERE idCoureur = '135';
UPDATE resultatetape_new SET idCoureur = 'FRA19820404' WHERE idCoureur = '136';
UPDATE resultatetape_new SET idCoureur = 'FRA19870418' WHERE idCoureur = '137';
UPDATE resultatetape_new SET idCoureur = 'FRA19830622' WHERE idCoureur = '138';
UPDATE resultatetape_new SET idCoureur = 'FRA19881126' WHERE idCoureur = '139';
UPDATE resultatetape_new SET idCoureur = 'AUS19770214' WHERE idCoureur = '141';
UPDATE resultatetape_new SET idCoureur = 'USA19840216' WHERE idCoureur = '142';
UPDATE resultatetape_new SET idCoureur = 'GER19830630' WHERE idCoureur = '143';
UPDATE resultatetape_new SET idCoureur = 'USA19730629' WHERE idCoureur = '144';
UPDATE resultatetape_new SET idCoureur = 'FRA19820202' WHERE idCoureur = '145';
UPDATE resultatetape_new SET idCoureur = 'SUI19830130' WHERE idCoureur = '146';
UPDATE resultatetape_new SET idCoureur = 'ITA19791030' WHERE idCoureur = '147';
UPDATE resultatetape_new SET idCoureur = 'ITA19840430' WHERE idCoureur = '148';
UPDATE resultatetape_new SET idCoureur = 'SUI19860929' WHERE idCoureur = '149';
UPDATE resultatetape_new SET idCoureur = 'EST19870424' WHERE idCoureur = '151';
UPDATE resultatetape_new SET idCoureur = 'FRA19790521' WHERE idCoureur = '152';
UPDATE resultatetape_new SET idCoureur = 'FRA19800820' WHERE idCoureur = '153';
UPDATE resultatetape_new SET idCoureur = 'COL19800410' WHERE idCoureur = '154';
UPDATE resultatetape_new SET idCoureur = 'FRA19850601' WHERE idCoureur = '155';
UPDATE resultatetape_new SET idCoureur = 'FRA19880524' WHERE idCoureur = '156';
UPDATE resultatetape_new SET idCoureur = 'FRA19750430' WHERE idCoureur = '157';
UPDATE resultatetape_new SET idCoureur = 'FRA19820223' WHERE idCoureur = '158';
UPDATE resultatetape_new SET idCoureur = 'BEL19870129' WHERE idCoureur = '159';
UPDATE resultatetape_new SET idCoureur = 'ITA19810919' WHERE idCoureur = '161';
UPDATE resultatetape_new SET idCoureur = 'ITA19780108' WHERE idCoureur = '162';
UPDATE resultatetape_new SET idCoureur = 'SLO19850813' WHERE idCoureur = '163';
UPDATE resultatetape_new SET idCoureur = 'ITA19831111' WHERE idCoureur = '164';
UPDATE resultatetape_new SET idCoureur = 'GER19740104' WHERE idCoureur = '165';
UPDATE resultatetape_new SET idCoureur = 'UKR19820313' WHERE idCoureur = '166';
UPDATE resultatetape_new SET idCoureur = 'SUI19800508' WHERE idCoureur = '167';
UPDATE resultatetape_new SET idCoureur = 'ITA19880128' WHERE idCoureur = '168';
UPDATE resultatetape_new SET idCoureur = 'ITA19740103' WHERE idCoureur = '169';
UPDATE resultatetape_new SET idCoureur = 'GBR19850521' WHERE idCoureur = '171';
UPDATE resultatetape_new SET idCoureur = 'DEN19800116' WHERE idCoureur = '172';
UPDATE resultatetape_new SET idCoureur = 'AUT19810217' WHERE idCoureur = '173';
UPDATE resultatetape_new SET idCoureur = 'AUS19861105' WHERE idCoureur = '174';
UPDATE resultatetape_new SET idCoureur = 'GER19850423' WHERE idCoureur = '175';
UPDATE resultatetape_new SET idCoureur = 'USA19790324' WHERE idCoureur = '176';
UPDATE resultatetape_new SET idCoureur = 'AUS19821022' WHERE idCoureur = '177';
UPDATE resultatetape_new SET idCoureur = 'USA19880812' WHERE idCoureur = '178';
UPDATE resultatetape_new SET idCoureur = 'SVK19850221' WHERE idCoureur = '179';
UPDATE resultatetape_new SET idCoureur = 'FRA19790622' WHERE idCoureur = '181';
UPDATE resultatetape_new SET idCoureur = 'FRA19790604' WHERE idCoureur = '182';
UPDATE resultatetape_new SET idCoureur = 'FRA19870926' WHERE idCoureur = '183';
UPDATE resultatetape_new SET idCoureur = 'FRA19810625' WHERE idCoureur = '184';
UPDATE resultatetape_new SET idCoureur = 'FRA19841126' WHERE idCoureur = '185';
UPDATE resultatetape_new SET idCoureur = 'FRA19810118' WHERE idCoureur = '186';
UPDATE resultatetape_new SET idCoureur = 'FRA19840426' WHERE idCoureur = '187';
UPDATE resultatetape_new SET idCoureur = 'FRA19861010' WHERE idCoureur = '188';
UPDATE resultatetape_new SET idCoureur = 'FRA19840411' WHERE idCoureur = '189';
UPDATE resultatetape_new SET idCoureur = 'RUS19800920' WHERE idCoureur = '191';
UPDATE resultatetape_new SET idCoureur = 'RUS19820129' WHERE idCoureur = '192';
UPDATE resultatetape_new SET idCoureur = 'RUS19870307' WHERE idCoureur = '193';
UPDATE resultatetape_new SET idCoureur = 'RUS19820704' WHERE idCoureur = '194';
UPDATE resultatetape_new SET idCoureur = 'RUS19850507' WHERE idCoureur = '195';
UPDATE resultatetape_new SET idCoureur = 'RUS19860421' WHERE idCoureur = '196';
UPDATE resultatetape_new SET idCoureur = 'RUS19810504' WHERE idCoureur = '197';
UPDATE resultatetape_new SET idCoureur = 'RUS19880625' WHERE idCoureur = '198';
UPDATE resultatetape_new SET idCoureur = 'RUS19840126' WHERE idCoureur = '199';
UPDATE resultatetape_new SET idCoureur = 'FRA19840416' WHERE idCoureur = '201';
UPDATE resultatetape_new SET idCoureur = 'SLO19800808' WHERE idCoureur = '202';
UPDATE resultatetape_new SET idCoureur = 'BEL19861106' WHERE idCoureur = '203';
UPDATE resultatetape_new SET idCoureur = 'NED19830513' WHERE idCoureur = '204';
UPDATE resultatetape_new SET idCoureur = 'BEL19770701' WHERE idCoureur = '205';
UPDATE resultatetape_new SET idCoureur = 'ITA19840211' WHERE idCoureur = '206';
UPDATE resultatetape_new SET idCoureur = 'NED19871001' WHERE idCoureur = '207';
UPDATE resultatetape_new SET idCoureur = 'NED19861112' WHERE idCoureur = '208';
UPDATE resultatetape_new SET idCoureur = 'NED19820911' WHERE idCoureur = '209';
UPDATE resultatetape_new SET idCoureur = 'FRA19860806' WHERE idCoureur = '211';
UPDATE resultatetape_new SET idCoureur = 'FRA19801006' WHERE idCoureur = '212';
UPDATE resultatetape_new SET idCoureur = 'FRA19890911' WHERE idCoureur = '213';
UPDATE resultatetape_new SET idCoureur = 'FRA19791207' WHERE idCoureur = '214';
UPDATE resultatetape_new SET idCoureur = 'FRA19830408' WHERE idCoureur = '215';
UPDATE resultatetape_new SET idCoureur = 'FRA19850323' WHERE idCoureur = '216';
UPDATE resultatetape_new SET idCoureur = 'FRA19841204' WHERE idCoureur = '217';
UPDATE resultatetape_new SET idCoureur = 'FRA19810522' WHERE idCoureur = '218';
UPDATE resultatetape_new SET idCoureur = 'FRA19810706' WHERE idCoureur = '219';


/**********************************************
*  Suppression des tables d'origine           *
*                                             *
**********************************************/
DROP TABLE resultatetape;
DROP TABLE etape;
DROP TABLE coureur;

/**********************************************
*  Rennomage des nouvelles tables             *
*  conformément aux tables d'origine          *
*                                             *
**********************************************/
ALTER TABLE coureur_new
RENAME TO coureur;

ALTER TABLE etape_new
RENAME TO etape;

ALTER TABLE resultatetape_new
RENAME TO resultatetape;

/**********************************************
*  Application des contraintes conformes à ce *
*  qui existait dans les tables d'origine     *
*                                             *
**********************************************/
ALTER TABLE coureur
ADD CONSTRAINT pk_coureur PRIMARY KEY (codeuci),
ADD CONSTRAINT fk_equipe_coureur FOREIGN KEY (idequipe) REFERENCES equipe (idequipe),
ADD CONSTRAINT fk_nationalite_coureur FOREIGN KEY (nationalite) REFERENCES pays (idpays);

ALTER TABLE etape
ADD CONSTRAINT pk_etape PRIMARY KEY (idepreuve,idetape),
ADD CONSTRAINT fk_epreuve FOREIGN KEY (idepreuve) REFERENCES epreuve (idepreuve);

ALTER TABLE resultatetape
ADD CONSTRAINT pk_resultat_coureur PRIMARY KEY (idepreuve, idetape, idcoureur),
ADD CONSTRAINT fk_coureur FOREIGN KEY (idcoureur) REFERENCES coureur (codeuci),
ADD CONSTRAINT fk_etape FOREIGN KEY (idepreuve,idetape) REFERENCES etape (idepreuve,idetape);

/**********************************************
*  Application de la contrainte de participer *
*  sur coureur, que l'on ne pouvait pas créer *
*  avant que le codeUCI ne soit clé primaire  *
*  dans la table coureur                      *
*                                             *
**********************************************/
ALTER TABLE participer
ADD CONSTRAINT fk_participer_coureur FOREIGN KEY (idcoureur) REFERENCES coureur (codeuci);

/**********************************************
*  Ajout de Données à la table pays (6)       *
*                                             *
**********************************************/
INSERT INTO pays VALUES ('RSA','Afrique du Sud'),
('ARG','Argentine'),
('CRO','Croatie'),
('UZB','Ouzbékistan'),
('SWE','Suède'),
('FIN','Finlande');

/**********************************************
*  Création de la table temporaire coureur_pnc*
*  qui accueillera la liste des coureurs      *
*  partant du Paris-Nice                      *
*                                             *
**********************************************/
CREATE TABLE coureur_pnc
(
  codeuci character(11),
  nom text,
  prenom text,
  datedenaissance date,
  nationalite character(3),
  idequipe character(3),
  CONSTRAINT pk_coureur_pnc PRIMARY KEY (codeuci)
);

/**********************************************
*  Données de la table coureur_pnc (176)      *
*                                             *
**********************************************/
INSERT INTO coureur_pnc VALUES ('BEL19861106','DE GENDT','Thomas','06/11/1986','BEL','VCD'),
('FRA19830622','ROY','Jérémy','22/06/1983','FRA','FDJ'),
('AUS19840225','HAUSSLER','Heinrich','25/02/1984','AUS','GRM'),
('SVK19900126','SAGAN','Peter','26/01/1990','SVK','LIQ'),
('NZL19760910','HENDERSON','Gregory','10/09/1976','NZL','SKY'),
('GER19710917','VOIGT','Jens','17/09/1971','GER','LEO'),
('BEL19840927','WEYLANDT','Wouter','27/09/1984','BEL','LEO'),
('SUI19850826','WYSS','Danilo','26/08/1985','SUI','BMC'),
('FRA19840416','FEILLU','Romain','16/04/1984','FRA','VCD'),
('BEL19800930','STEEGMANS','Gert','30/09/1980','BEL','QST'),
('FRA19800820','DUMOULIN','Samuel','20/08/1980','FRA','COF'),
('RSA19770422','HUNTER','Robert','22/04/1977','RSA','RSH'),
('AUS19861105','GOSS','Matthew Harley','05/11/1986','AUS','THR'),
('BEL19850702','ROELANDTS','Jurgen','02/07/1985','BEL','OLO'),
('FRA19850102','VACHON','Florian','02/01/1985','FRA','BSC'),
('FRA19860116','JEANNESSON','Arnold','16/01/1986','FRA','FDJ'),
('ITA19840801','GAVAZZI','Francesco','01/08/1984','ITA','LAM'),
('FRA19791027','DELPECH','Jean Luc','27/10/1979','FRA','BSC'),
('NED19861112','RUIJGH','Rob','12/11/1986','NED','VCD'),
('FRA19820404','PAURIOL','Rémi','04/04/1982','FRA','FDJ'),
('ARG19830418','HAEDO','Lucas Sebastian','18/04/1983','ARG','SBS'),
('GER19750622','KLÖDEN','Andréas','22/06/1975','GER','RSH'),
('GER19820916','GERDEMANN','Linus','16/09/1982','GER','LEO'),
('DEN19850322','FUGLSANG','Jakob','22/03/1985','DEN','LEO'),
('ESP19831124','SANCHEZ','Luis-Leon','24/11/1983','ESP','RAB'),
('NED19850218','VAN EMDEN','Jos','18/02/1985','NED','RAB'),
('AUS19800516','GERRANS','Simon','16/05/1980','AUS','SKY'),
('FRA19790630','CHAVANEL','Sylvain','30/06/1979','FRA','QST'),
('RUS19870307','GALIMZYANOV','Denis','07/03/1987','RUS','KAT'),
('ITA19850106','AGNOLI','Valerio','06/01/1985','ITA','LIQ'),
('FRA19780106','DION','Renaud','06/01/1978','FRA','BSC'),
('CZE19860506','KREUZIGER','Roman','06/05/1986','CZE','AST'),
('CRO19860809','KISERLOVSKI','Robert','09/08/1986','CRO','AST'),
('FRA19781130','FEDRIGO','Pierrick','30/11/1978','FRA','FDJ'),
('FRA19830106','PICHOT','Alexandre','06/01/1983','FRA','EUC'),
('ESP19791002','PASAMONTES','Luis','02/10/1979','ESP','MOV'),
('FRA19790622','VOECKLER','Thomas','22/06/1979','FRA','EUC'),
('FRA19861112','OFFREDO','Yoann','12/11/1986','FRA','FDJ'),
('BEL19830114','MONFORT','Maxime','14/01/1983','BEL','LEO'),
('BEL19820527','DE WEERT','Kevin','27/05/1982','BEL','QST'),
('FRA19800102','PINEAU','Jérôme','02/01/1980','FRA','QST'),
('GER19850423','MARTIN','Tony','23/04/1985','GER','THR'),
('AUS19850130','PORTE','Richie','30/01/1985','AUS','SBS'),
('EST19870424','TAARAMAE','Rein','24/04/1987','EST','COF'),
('POL19860912','PATERSKI','Maciej','12/09/1986','POL','LIQ'),
('ITA19860613','CAPECCHI','Eros','13/06/1986','ITA','LIQ'),
('RUS19820704','GUSEV','Vladimir','04/07/1982','RUS','KAT'),
('IRL19840703','ROCHE','Nicolas','03/07/1984','IRL','ALM'),
('BEL19830201','VAN DEN BROECK','Jurgen','01/02/1983','BEL','OLO'),
('FRA19880824','HARDY','Romain','24/08/1988','FRA','BSC'),
('ITA19790325','CARRARA','Matteo','25/03/1979','ITA','VCD'),
('UZB19810114','LAGUTIN','Sergey','14/01/1981','UZB','VCD'),
('FRA19850731','DI GREGORIO','Rémy','31/07/1985','FRA','AST'),
('GBR19800428','WIGGINS','Bradley','28/04/1980','GBR','SKY'),
('USA19880812','VAN GARDEREN','Tejay','12/08/1988','USA','THR'),
('SLO19860623','SPILAK','Simon','23/06/1986','SLO','LAM'),
('USA19840216','BOOKWALTER','Brent','16/02/1984','USA','BMC'),
('GBR19860525','THOMAS','Geraint','25/05/1986','GBR','SKY'),
('ESP19780205','SANCHEZ','Samuel','05/02/1978','ESP','EUS'),
('CAN19801209','HESJEDAL','Ryder','09/12/1980','CAN','GRM'),
('FRA19880524','GALLOPIN','Tony','24/05/1988','FRA','COF'),
('FRA19850601','EL FARES','Julien','01/06/1985','FRA','COF'),
('LTU19820204','VAITKUS','Tomas','04/02/1982','LTU','AST'),
('NED19771105','TJALLINGII','Maarten','05/11/1977','NED','RAB'),
('AUS19791220','ROGERS','Michael','20/12/1979','AUS','SKY'),
('FRA19881126','VICHOT','Arthur','26/11/1988','FRA','FDJ'),
('FRA19860402','MALACARNE','Gaël','02/04/1986','FRA','BSC'),
('LUX19840719','DIDIER','Laurent','19/07/1984','LUX','SBS'),
('RUS19821201','VORGANOV','Eduard','01/12/1982','RUS','KAT'),
('FRA19820202','MOINARD','Amaël','02/02/1982','FRA','BMC'),
('GER19890825','NERZ','Dominik','25/08/1989','GER','LIQ'),
('RUS19840126','TROFIMOV','Yury','26/01/1984','RUS','KAT'),
('BEL19770701','LEUKEMANS','Bjorn','01/07/1977','BEL','VCD'),
('BEL19860826','DE CLERCQ','Bart','26/08/1986','BEL','OLO'),
('ESP19781105','TONDO','Xavier','05/11/1978','ESP','MOV'),
('FRA19850508','PINEAU','Cedric','08/05/1985','FRA','FDJ'),
('ITA19760328','RIGHI','Daniele','28/03/1976','ITA','LAM'),
('ESP19781127','GUTIERREZ','José Ivan','27/11/1978','ESP','MOV'),
('BEL19790829','DEVOLDER','Stijn','29/08/1979','BEL','VCD'),
('SWE19800517','KESSIAKOFF','Fredrik','17/05/1980','SWE','AST'),
('FRA19770522','PERAUD','Jean-Christophe','22/05/1977','FRA','ALM'),
('NOR19760408','RASCH','Gabriel','08/04/1976','NOR','GRM'),
('FRA19880101','SICARD','Romain','01/01/1988','FRA','EUS'),
('FRA19870926','GAUTIER','Cyril','26/09/1987','FRA','EUC'),
('FIN19810329','VEIKKANEN','Jussi','29/03/1981','FIN','OLO'),
('FRA19820612','MINARD','Sébastien','12/06/1982','FRA','ALM'),
('UKR19830807','GRIVKO','Andriy','07/08/1983','UKR','AST'),
('NED19801113','TEN DAM','Laurens','13/11/1980','NED','RAB'),
('KAZ19760815','FOFONOV','Dmitriy','15/08/1976','KAZ','AST'),
('ESP19781104','VERDUGO','Gorka','04/11/1978','ESP','EUS'),
('ESP19840116','PARDILLA','Sergio','16/01/1984','ESP','MOV'),
('NED19820911','WESTRA','Lieuwe','11/09/1982','NED','VCD'),
('ESP19760424','GARATE','Juan Manuel','24/04/1976','ESP','RAB'),
('FRA19820223','VALENTIN','Tristan','23/02/1982','FRA','COF'),
('NED19861126','MOLLEMA','Bauke','26/11/1986','NED','RAB'),
('BEL19810204','VAN SUMMEREN','Johan','04/02/1981','BEL','GRM'),
('ITA19890715','ULISSI','Diego','15/07/1989','ITA','LAM'),
('POR19810515','PIRES','Bruno','15/05/1981','POR','LEO'),
('FRA19850726','FEILLU','Brice','26/07/1985','FRA','LEO'),
('SLO19861125','KOREN','Kristjan','25/11/1986','SLO','LIQ'),
('ITA19821119','REDA','Francesco','19/11/1982','ITA','QST'),
('SLO19831218','BRAJKOVIC','Janez','18/12/1983','SLO','RSH'),
('GBR19800811','LLOYD','Daniel','11/08/1980','GBR','GRM'),
('ESP19770420','ISASI','Inaki','20/04/1977','ESP','EUS'),
('KAZ19730916','VINOKOUROV','Alexandre','16/09/1973','KAZ','AST'),
('FRA19821229','GUILLOU','Florian','29/12/1982','FRA','BSC'),
('FRA19860820','GAUDIN','Damien','20/08/1986','FRA','EUC'),
('USA19731024','LEIPHEIMER','Levi','24/10/1973','USA','RSH'),
('RUS19820129','BRUTT','Pavel','29/01/1982','RUS','KAT'),
('LUX19800415','SCHLECK','Frank','15/04/1980','LUX','LEO'),
('NED19840215','DE MAAR','Marc','15/02/1984','NED','QST'),
('ESP19790123','NOVAL GONZALEZ','Benjamin','23/01/1979','ESP','SBS'),
('NED19810405','WEENING','Pieter','05/04/1981','NED','RAB'),
('ESP19760120','LASTRAS','Pablo','20/01/1976','ESP','MOV'),
('FRA19790202','CASAR','Sandy','02/02/1979','FRA','FDJ'),
('FRA19861103','BOUET','Maxime','03/11/1986','FRA','ALM'),
('FRA19841126','JEROME','Vincent','26/11/1984','FRA','EUC'),
('BLR19820809','SIVTSOV','Kanstantsin','09/08/1982','BLR','THR'),
('RUS19750305','IVANOV','Serguei','05/03/1975','RUS','KAT'),
('DEN19800116','BAK','Lars','16/01/1980','DEN','THR'),
('BEL19890626','EIJSSEN','Yannick','26/06/1989','BEL','BMC'),
('ESP19820616','AZANZA SOTO','Jorge','16/06/1982','ESP','EUS'),
('BEL19860214','BAKELANTS','Jan','14/02/1986','BEL','OLO'),
('USA19881123','TALANSKY','Andrew','23/11/1988','USA','GRM'),
('ESP19810513','LOPEZ GARCIA','David','13/05/1981','ESP','MOV'),
('DEN19750514','SORENSEN','Nicki','14/05/1975','DEN','SBS'),
('ITA19870117','PONZI','Simone','17/01/1987','ITA','LIQ'),
('FRA19840607','CAZAUX','Pierre','07/06/1984','FRA','EUS'),
('ESP19840323','MATE MARDONES','Luis Angel','23/03/1984','ESP','COF'),
('FRA19810117','RIBLON','Christophe','17/01/1981','FRA','ALM'),
('FRA19861010','ROLLAND','Pierre','10/10/1986','FRA','EUC'),
('BEL19860409','MAES','Nikolas','09/04/1986','BEL','QST'),
('SUI19830130','MORABITO','Steve','30/01/1983','SUI','BMC'),
('FRA19860903','KADRI','Blel','03/09/1986','FRA','ALM'),
('NED19760129','KROON','Karsten','29/01/1976','NED','BMC'),
('FRA19840426','QUEMENEUR','Perrig','26/04/1984','FRA','EUC'),
('GBR19740312','HUNT','Jérémy','12/03/1974','GBR','SKY'),
('FRA19800123','BERTHOU','Eric','23/01/1980','FRA','BSC'),
('FRA19800911','LE MEVEL','Christophe','11/09/1980','FRA','GRM'),
('ESP19800205','IRIZAR','Markel','05/02/1980','ESP','RSH'),
('DEN19840905','SORENSEN','Chris','05/09/1984','DEN','SBS'),
('SLO19850813','BOLE','Grega','13/08/1985','SLO','LAM'),
('BEL19770717','HOSTE','Leif','17/07/1977','BEL','KAT'),
('NED19830727','MAASKANT','Martijn','27/07/1983','NED','GRM'),
('RUS19850702','TRUSOV','Nikolay','02/07/1985','RUS','KAT'),
('GER19870122','STAUFF','Andreas','22/01/1987','GER','QST'),
('USA19850509','BUSCHE','Matthew','09/05/1985','USA','RSH'),
('ESP19850608','ROJAS','Jose Joaquin','08/06/1985','ESP','MOV'),
('POR19800326','PAULINHO','Sergio','26/03/1980','POR','RSH'),
('FRA19801113','DUPONT','Hubert','13/11/1980','FRA','ALM'),
('ITA19831111','BONO','Matteo','11/11/1983','ITA','LAM'),
('ITA19840430','SANTAROMITA','Ivan','30/04/1984','ITA','BMC'),
('DEN19840609','RASMUSSEN','Alex','09/06/1984','DEN','THR'),
('DEN19840406','CHRISTENSEN','Mads','06/04/1984','DEN','SBS'),
('ESP19871007','IZAGIRRE INSAUSTI','Gorka','07/10/1987','ESP','EUS'),
('FRA19810630','LEQUATRE','Geoffroy','30/06/1981','FRA','RSH'),
('ESP19720804','GARCIA ACOSTA','Vicente','04/08/1972','ESP','MOV'),
('DEN19811204','VANDBORG','Brian','04/12/1981','DEN','SBS'),
('ITA19750114','SPEZIALETTI','Alessandro','14/01/1975','ITA','LAM'),
('FRA19830928','RAVARD','Anthony','28/09/1983','FRA','ALM'),
('FRA19840411','TURGOT','Sébastien','11/04/1984','FRA','EUC'),
('BEL19770209','VAN DE WALLE','Jurgen','09/02/1977','BEL','OLO'),
('USA19790324','PATE','Danny','24/03/1979','USA','THR'),
('SVK19850221','VELITS','Peter','21/02/1985','SVK','THR'),
('GER19751103','NIERMANN','Grischa Jan','03/11/1975','GER','RAB'),
('ESP19770317','ZANDIO','Xabier','17/03/1977','ESP','SKY'),
('BEL19850202','DE GREEF','Francis','02/02/1985','BEL','OLO'),
('USA19771208','LOUDER','Jeffry','08/12/1977','USA','BMC'),
('FRA19790701','CALZATI','Sylvain','01/07/1979','FRA','BSC'),
('FRA19790521','BUFFAZ','Mickaël','21/05/1979','FRA','COF'),
('ITA19850510','FINETTO','Mauro','10/05/1985','ITA','LIQ'),
('UKR19830723','KVACHUK','Oleksandr','23/07/1983','UKR','LAM'),
('ESP19800329','URTASUN PEREZ','Pablo','29/03/1980','ESP','EUS'),
('COL19870126','URAN','Rigoberto','26/01/1987','COL','SKY'),
('FRA19750430','MONCOUTIE','David','30/04/1975','FRA','COF'),
('ESP19831016','PUJOL','Oscar','16/10/1983','ESP','OLO');

/**********************************************
*  Création de la table temporaire  etape_pnc *
*  qui accueillera la liste des étapes du     *
*  Paris-Nice                                 *
*                                             *
**********************************************/
CREATE TABLE etape_pnc
(
  idetape integer,
  villedepart text,
  villearrivee text,
  distance numeric(4,1),
  CONSTRAINT pk_etape_pnc PRIMARY KEY (idetape)
);

/**********************************************
*  Données de la table etape_pnc (8)          *
*                                             *
**********************************************/
INSERT INTO etape_pnc VALUES (1,'Houdan','Houdan',154.5),
(2,'Montfort l’Amaury','Amilly ',199),
(3,'Cosne-Cours-sur-Loire','Nuits-Saint-Georges ',202),
(4,'Crêches-sur-Saône','Belleville ',191),
(5,'Saint-Symphorien-sur-Coise','Vernoux-en-Vivarais ',193),
(6,'Rognes','Aix-en-Provence ',27),
(7,'Brignoles','Biot - Sophia Antipolis ',215),
(8,'Nice','Nice ',124);

/**********************************************
*  Création de la table temporaire            *
*  resultatetape_pnc qui accueillera les      *
*  résultats des étapes du Paris-Nice         *
*                                             *
**********************************************/
CREATE TABLE resultatetape_pnc
(
  idetape integer,
  idcoureur character(11),
  classement integer,
  temps time without time zone,
  abandon boolean,
  CONSTRAINT pk_resultatetape_pnc PRIMARY KEY (idetape,idcoureur)
);

/**********************************************
*  Données de la table resultatetape_pnc(1329)*
*                                             *
**********************************************/
INSERT INTO resultatetape_pnc VALUES (1,'BEL19861106',1,'04:05:06',false),
(1,'FRA19830622',2,'04:05:06',false),
(1,'AUS19840225',3,'04:05:06',false),
(1,'SVK19900126',4,'04:05:06',false),
(1,'NZL19760910',5,'04:05:06',false),
(1,'GER19710917',6,'04:05:06',false),
(1,'BEL19840927',7,'04:05:06',false),
(1,'SUI19850826',8,'04:05:06',false),
(1,'FRA19840416',9,'04:05:06',false),
(1,'BEL19800930',10,'04:05:06',false),
(1,'FRA19800820',11,'04:05:06',false),
(1,'RSA19770422',12,'04:05:06',false),
(1,'AUS19861105',13,'04:05:06',false),
(1,'BEL19850702',14,'04:05:06',false),
(1,'FRA19850102',15,'04:05:06',false),
(1,'FRA19860116',16,'04:05:06',false),
(1,'ITA19840801',17,'04:05:06',false),
(1,'FRA19791027',18,'04:05:06',false),
(1,'NED19861112',19,'04:05:06',false),
(1,'FRA19820404',20,'04:05:06',false),
(1,'ARG19830418',21,'04:05:06',false),
(1,'GER19750622',22,'04:05:06',false),
(1,'GER19820916',23,'04:05:06',false),
(1,'DEN19850322',24,'04:05:06',false),
(1,'ESP19831124',25,'04:05:06',false),
(1,'NED19850218',26,'04:05:06',false),
(1,'AUS19800516',27,'04:05:06',false),
(1,'FRA19790630',28,'04:05:06',false),
(1,'RUS19870307',29,'04:05:06',false),
(1,'ITA19850106',30,'04:05:06',false),
(1,'FRA19780106',31,'04:05:06',false),
(1,'CZE19860506',32,'04:05:06',false),
(1,'CRO19860809',33,'04:05:06',false),
(1,'FRA19781130',34,'04:05:06',false),
(1,'FRA19830106',35,'04:05:06',false),
(1,'ESP19791002',36,'04:05:06',false),
(1,'FRA19790622',37,'04:05:06',false),
(1,'FRA19861112',38,'04:05:06',false),
(1,'BEL19830114',39,'04:05:06',false),
(1,'BEL19820527',40,'04:05:06',false),
(1,'FRA19800102',41,'04:05:06',false),
(1,'GER19850423',42,'04:05:06',false),
(1,'AUS19850130',43,'04:05:06',false),
(1,'EST19870424',44,'04:05:06',false),
(1,'POL19860912',45,'04:05:06',false),
(1,'ITA19860613',46,'04:05:06',false),
(1,'RUS19820704',47,'04:05:06',false),
(1,'IRL19840703',48,'04:05:06',false),
(1,'BEL19830201',49,'04:05:06',false),
(1,'FRA19880824',50,'04:05:06',false),
(1,'ITA19790325',51,'04:05:06',false),
(1,'UZB19810114',52,'04:05:06',false),
(1,'FRA19850731',53,'04:05:06',false),
(1,'GBR19800428',54,'04:05:06',false),
(1,'USA19880812',55,'04:05:06',false),
(1,'SLO19860623',56,'04:05:06',false),
(1,'USA19840216',57,'04:05:06',false),
(1,'GBR19860525',58,'04:05:06',false),
(1,'ESP19780205',59,'04:05:06',false),
(1,'CAN19801209',60,'04:05:06',false),
(1,'FRA19880524',61,'04:05:06',false),
(1,'FRA19850601',62,'04:05:06',false),
(1,'LTU19820204',63,'04:05:06',false),
(1,'NED19771105',64,'04:05:06',false),
(1,'AUS19791220',65,'04:05:06',false),
(1,'FRA19881126',66,'04:05:06',false),
(1,'FRA19860402',67,'04:05:06',false),
(1,'LUX19840719',68,'04:05:06',false),
(1,'RUS19821201',69,'04:05:06',false),
(1,'FRA19820202',70,'04:05:06',false),
(1,'GER19890825',71,'04:05:06',false),
(1,'RUS19840126',72,'04:05:06',false),
(1,'BEL19770701',73,'04:05:06',false),
(1,'BEL19860826',74,'04:05:06',false),
(1,'ESP19781105',75,'04:05:06',false),
(1,'FRA19850508',76,'04:05:06',false),
(1,'ITA19760328',77,'04:05:06',false),
(1,'ESP19781127',78,'04:05:06',false),
(1,'BEL19790829',79,'04:05:06',false),
(1,'SWE19800517',80,'04:05:06',false),
(1,'FRA19770522',81,'04:05:06',false),
(1,'NOR19760408',82,'04:05:06',false),
(1,'FRA19880101',83,'04:05:06',false),
(1,'FRA19870926',84,'04:05:06',false),
(1,'FIN19810329',85,'04:05:06',false),
(1,'FRA19820612',86,'04:05:06',false),
(1,'UKR19830807',87,'04:05:06',false),
(1,'NED19801113',88,'04:05:06',false),
(1,'KAZ19760815',89,'04:05:06',false),
(1,'ESP19781104',90,'04:05:06',false),
(1,'ESP19840116',91,'04:05:06',false),
(1,'NED19820911',92,'04:05:06',false),
(1,'ESP19760424',93,'04:05:06',false),
(1,'FRA19820223',94,'04:05:06',false),
(1,'NED19861126',95,'04:05:06',false),
(1,'BEL19810204',96,'04:05:06',false),
(1,'ITA19890715',97,'04:05:06',false),
(1,'POR19810515',98,'04:05:06',false),
(1,'FRA19850726',99,'04:05:06',false),
(1,'SLO19861125',100,'04:05:06',false),
(1,'ITA19821119',101,'04:05:06',false),
(1,'SLO19831218',102,'04:05:06',false),
(1,'GBR19800811',103,'04:05:06',false),
(1,'ESP19770420',104,'04:05:06',false),
(1,'KAZ19730916',105,'04:05:06',false),
(1,'FRA19821229',106,'04:05:06',false),
(1,'FRA19860820',107,'04:05:06',false),
(1,'USA19731024',108,'04:05:06',false),
(1,'RUS19820129',109,'04:05:06',false),
(1,'LUX19800415',110,'04:05:06',false),
(1,'NED19840215',111,'04:05:06',false),
(1,'ESP19790123',112,'04:05:06',false),
(1,'NED19810405',113,'04:05:06',false),
(1,'ESP19760120',114,'04:05:06',false),
(1,'FRA19790202',115,'04:05:06',false),
(1,'FRA19861103',116,'04:05:06',false),
(1,'FRA19841126',117,'04:05:06',false),
(1,'BLR19820809',118,'04:05:06',false),
(1,'RUS19750305',119,'04:05:06',false),
(1,'DEN19800116',120,'04:05:06',false),
(1,'BEL19890626',121,'04:05:06',false),
(1,'ESP19820616',122,'04:05:06',false),
(1,'BEL19860214',123,'04:05:06',false),
(1,'USA19881123',124,'04:05:06',false),
(1,'ESP19810513',125,'04:05:06',false),
(1,'DEN19750514',126,'04:05:06',false),
(1,'ITA19870117',127,'04:05:06',false),
(1,'FRA19840607',128,'04:05:06',false),
(1,'ESP19840323',129,'04:05:06',false),
(1,'FRA19810117',130,'04:05:06',false),
(1,'FRA19861010',131,'04:05:06',false),
(1,'BEL19860409',132,'04:05:06',false),
(1,'SUI19830130',133,'04:05:06',false),
(1,'FRA19860903',134,'04:05:06',false),
(1,'NED19760129',135,'04:05:06',false),
(1,'FRA19840426',136,'04:05:06',false),
(1,'GBR19740312',137,'04:05:06',false),
(1,'FRA19800123',138,'04:05:06',false),
(1,'FRA19800911',139,'04:05:06',false),
(1,'ESP19800205',140,'04:05:06',false),
(1,'DEN19840905',141,'04:05:06',false),
(1,'SLO19850813',142,'04:05:06',false),
(1,'BEL19770717',143,'04:05:06',false),
(1,'NED19830727',144,'04:05:06',false),
(1,'RUS19850702',145,'04:05:06',false),
(1,'GER19870122',146,'04:05:27',false),
(1,'USA19850509',147,'04:05:29',false),
(1,'ESP19850608',148,'04:05:29',false),
(1,'POR19800326',149,'04:06:00',false),
(1,'FRA19801113',150,'04:06:00',false),
(1,'ITA19831111',151,'04:06:00',false),
(1,'ITA19840430',152,'04:06:00',false),
(1,'DEN19840609',153,'04:06:00',false),
(1,'DEN19840406',154,'04:06:00',false),
(1,'ESP19871007',155,'04:06:00',false),
(1,'FRA19810630',156,'04:06:00',false),
(1,'ESP19720804',157,'04:06:00',false),
(1,'DEN19811204',158,'04:06:22',false),
(1,'ITA19750114',159,'04:06:26',false),
(1,'FRA19830928',160,'04:06:35',false),
(1,'FRA19840411',161,'04:06:35',false),
(1,'BEL19770209',162,'04:08:53',false),
(1,'USA19790324',163,'04:08:53',false),
(1,'SVK19850221',164,'04:08:53',false),
(1,'GER19751103',165,'04:08:53',false),
(1,'ESP19770317',166,'04:10:45',false),
(1,'BEL19850202',167,'04:13:26',false),
(1,'USA19771208',168,'04:13:26',false),
(1,'FRA19790701',169,'04:13:26',false),
(1,'FRA19790521',170,'04:13:26',false),
(1,'ITA19850510',171,'04:13:26',false),
(1,'UKR19830723',172,'04:13:26',false),
(1,'ESP19800329',173,'04:13:26',false),
(1,'COL19870126',174,'04:13:26',false),
(1,'FRA19750430',175,'04:13:26',false),
(1,'ESP19831016',176,'04:13:26',false),
(2,'NZL19760910',1,'05:00:56',false),
(2,'AUS19861105',2,'05:00:56',false),
(2,'RUS19870307',3,'05:00:56',false),
(2,'AUS19840225',4,'05:00:56',false),
(2,'SVK19900126',5,'05:00:56',false),
(2,'FRA19840416',6,'05:00:56',false),
(2,'BEL19850702',7,'05:00:56',false),
(2,'ESP19850608',8,'05:00:56',false),
(2,'LTU19820204',9,'05:00:56',false),
(2,'SUI19850826',10,'05:00:56',false),
(2,'NED19830727',11,'05:00:56',false),
(2,'ITA19850106',12,'05:00:56',false),
(2,'BEL19800930',13,'05:00:56',false),
(2,'RSA19770422',14,'05:00:56',false),
(2,'POL19860912',15,'05:00:56',false),
(2,'BEL19840927',16,'05:00:56',false),
(2,'BEL19860409',17,'05:00:56',false),
(2,'FRA19850102',18,'05:00:56',false),
(2,'FRA19800820',19,'05:00:56',false),
(2,'FRA19840411',20,'05:00:56',false),
(2,'ESP19800329',21,'05:00:56',false),
(2,'FRA19830928',22,'05:00:56',false),
(2,'FRA19791027',23,'05:00:56',false),
(2,'FRA19881126',24,'05:00:56',false),
(2,'ESP19770420',25,'05:00:56',false),
(2,'NED19850218',26,'05:00:56',false),
(2,'NED19861112',27,'05:00:56',false),
(2,'IRL19840703',28,'05:00:56',false),
(2,'CZE19860506',29,'05:00:56',false),
(2,'FRA19800102',30,'05:00:56',false),
(2,'GER19870122',31,'05:00:56',false),
(2,'FRA19790630',32,'05:00:56',false),
(2,'GBR19860525',33,'05:00:56',false),
(2,'LUX19840719',34,'05:00:56',false),
(2,'SLO19850813',35,'05:00:56',false),
(2,'KAZ19760815',36,'05:00:56',false),
(2,'GER19750622',37,'05:00:56',false),
(2,'FRA19880824',38,'05:00:56',false),
(2,'FRA19830106',39,'05:00:56',false),
(2,'FRA19870926',40,'05:00:56',false),
(2,'BEL19861106',41,'05:00:56',false),
(2,'USA19771208',42,'05:00:56',false),
(2,'SLO19831218',43,'05:00:56',false),
(2,'FRA19840607',44,'05:00:56',false),
(2,'BEL19830201',45,'05:00:56',false),
(2,'GER19890825',46,'05:00:56',false),
(2,'ESP19791002',47,'05:00:56',false),
(2,'FRA19780106',48,'05:00:56',false),
(2,'CRO19860809',49,'05:00:56',false),
(2,'BEL19860826',50,'05:00:56',false),
(2,'GER19820916',51,'05:00:56',false),
(2,'FRA19820612',52,'05:00:56',false),
(2,'ITA19890715',53,'05:00:56',false),
(2,'USA19840216',54,'05:00:56',false),
(2,'GER19850423',55,'05:00:56',false),
(2,'BEL19890626',56,'05:00:56',false),
(2,'NED19861126',57,'05:00:56',false),
(2,'GBR19800811',58,'05:00:56',false),
(2,'FRA19850508',59,'05:00:56',false),
(2,'ESP19781127',60,'05:00:56',false),
(2,'ESP19760120',61,'05:00:56',false),
(2,'FRA19850601',62,'05:00:56',false),
(2,'FRA19820202',63,'05:00:56',false),
(2,'ITA19840801',64,'05:00:56',false),
(2,'SWE19800517',65,'05:00:56',false),
(2,'FRA19860903',66,'05:00:56',false),
(2,'FRA19850731',67,'05:00:56',false),
(2,'RUS19820129',68,'05:00:56',false),
(2,'BEL19820527',69,'05:00:56',false),
(2,'RUS19850702',70,'05:00:56',false),
(2,'BEL19810204',71,'05:00:56',false),
(2,'USA19881123',72,'05:00:56',false),
(2,'ITA19760328',73,'05:00:56',false),
(2,'FRA19820404',74,'05:00:56',false),
(2,'FRA19820223',75,'05:00:56',false),
(2,'FRA19860116',76,'05:00:56',false),
(2,'SLO19861125',77,'05:00:56',false),
(2,'AUS19850130',78,'05:00:56',false),
(2,'ITA19790325',79,'05:00:56',false),
(2,'UZB19810114',80,'05:00:56',false),
(2,'NOR19760408',81,'05:00:56',false),
(2,'FRA19830622',82,'05:00:56',false),
(2,'FRA19770522',83,'05:00:56',false),
(2,'SUI19830130',84,'05:00:56',false),
(2,'ITA19860613',85,'05:00:56',false),
(2,'FRA19880524',86,'05:00:56',false),
(2,'BEL19830114',87,'05:00:56',false),
(2,'SLO19860623',88,'05:00:56',false),
(2,'RUS19820704',89,'05:00:56',false),
(2,'GBR19740312',90,'05:00:56',false),
(2,'ESP19840323',91,'05:00:56',false),
(2,'GER19710917',92,'05:00:56',false),
(2,'AUS19800516',93,'05:00:56',false),
(2,'FRA19781130',94,'05:00:56',false),
(2,'EST19870424',95,'05:00:56',false),
(2,'BEL19860214',96,'05:00:56',false),
(2,'USA19880812',97,'05:00:56',false),
(2,'FIN19810329',98,'05:00:56',false),
(2,'CAN19801209',99,'05:00:56',false),
(2,'ITA19831111',100,'05:00:56',false),
(2,'FRA19841126',101,'05:00:56',false),
(2,'FRA19790622',102,'05:00:56',false),
(2,'FRA19860402',103,'05:00:56',false),
(2,'RUS19821201',104,'05:00:56',false),
(2,'RUS19840126',105,'05:00:56',false),
(2,'FRA19800911',106,'05:00:56',false),
(2,'ESP19781105',107,'05:00:56',false),
(2,'ESP19820616',108,'05:00:56',false),
(2,'NED19801113',109,'05:00:56',false),
(2,'KAZ19730916',110,'05:00:56',false),
(2,'ESP19780205',111,'05:00:56',false),
(2,'BEL19770701',112,'05:00:56',false),
(2,'ESP19781104',113,'05:00:56',false),
(2,'NED19771105',114,'05:00:56',false),
(2,'USA19790324',115,'05:00:56',false),
(2,'UKR19830807',116,'05:00:56',false),
(2,'ESP19760424',117,'05:00:56',false),
(2,'GBR19800428',118,'05:00:56',false),
(2,'AUS19791220',119,'05:00:56',false),
(2,'BEL19850202',120,'05:00:56',false),
(2,'NED19840215',121,'05:00:56',false),
(2,'RUS19750305',122,'05:00:56',false),
(2,'FRA19821229',123,'05:00:56',false),
(2,'ESP19840116',124,'05:00:56',false),
(2,'ESP19800205',125,'05:00:56',false),
(2,'FRA19861010',126,'05:00:56',false),
(2,'ITA19821119',127,'05:00:56',false),
(2,'BEL19770717',128,'05:00:56',false),
(2,'FRA19790202',129,'05:00:56',false),
(2,'DEN19840905',130,'05:00:56',false),
(2,'DEN19800116',131,'05:00:56',false),
(2,'DEN19811204',132,'05:00:56',false),
(2,'NED19820911',133,'05:00:56',false),
(2,'FRA19800123',134,'05:00:56',false),
(2,'ESP19790123',135,'05:00:56',false),
(2,'FRA19880101',136,'05:00:56',false),
(2,'POR19810515',137,'05:00:56',false),
(2,'USA19731024',138,'05:00:56',false),
(2,'LUX19800415',139,'05:00:56',false),
(2,'FRA19810630',140,'05:00:56',false),
(2,'DEN19750514',141,'05:00:56',false),
(2,'NED19810405',142,'05:00:56',false),
(2,'BEL19770209',143,'05:00:56',false),
(2,'USA19850509',144,'05:00:56',false),
(2,'BEL19790829',145,'05:00:56',false),
(2,'ESP19871007',146,'05:00:56',false),
(2,'COL19870126',147,'05:00:56',false),
(2,'ESP19810513',148,'05:00:56',false),
(2,'ESP19720804',149,'05:00:56',false),
(2,'DEN19840609',150,'05:01:10',false),
(2,'ITA19850510',151,'05:01:14',false),
(2,'FRA19790521',152,'05:01:57',false),
(2,'FRA19850726',153,'05:01:57',false),
(2,'ESP19770317',154,'05:01:57',false),
(2,'ITA19750114',155,'05:01:57',false),
(2,'BLR19820809',156,'05:01:57',false),
(2,'DEN19840406',157,'05:01:57',false),
(2,'POR19800326',158,'05:01:57',false),
(2,'FRA19801113',159,'05:01:57',false),
(2,'FRA19861112',160,'05:01:57',false),
(2,'FRA19861103',161,'05:01:57',false),
(2,'FRA19810117',162,'05:01:57',false),
(2,'FRA19840426',163,'05:01:57',false),
(2,'NED19760129',164,'05:01:57',false),
(2,'DEN19850322',165,'05:01:57',false),
(2,'ESP19831016',166,'05:01:57',false),
(2,'FRA19860820',167,'05:01:57',false),
(2,'ESP19831124',168,'05:01:57',false),
(2,'ITA19870117',169,'05:02:20',false),
(2,'FRA19790701',170,'05:04:15',false),
(2,'UKR19830723',171,'05:04:15',false),
(2,'GER19751103',172,'05:04:15',false),
(2,'ITA19840430',173,'05:04:15',false),
(2,'FRA19750430',174,'05:04:15',false),
(2,'ARG19830418',NULL,NULL,true),
(2,'SVK19850221',NULL,NULL,true),
(3,'AUS19861105',1,'05:16:48',false),
(3,'AUS19840225',2,'05:16:48',false),
(3,'RUS19870307',3,'05:16:48',false),
(3,'ESP19850608',4,'05:16:48',false),
(3,'GBR19860525',5,'05:16:48',false),
(3,'NZL19760910',6,'05:16:48',false),
(3,'FRA19830928',7,'05:16:48',false),
(3,'ITA19840801',8,'05:16:48',false),
(3,'FRA19840416',9,'05:16:48',false),
(3,'ITA19850106',10,'05:16:48',false),
(3,'LTU19820204',11,'05:16:48',false),
(3,'SUI19850826',12,'05:16:48',false),
(3,'SLO19850813',13,'05:16:48',false),
(3,'DEN19800116',14,'05:16:48',false),
(3,'FRA19850601',15,'05:16:48',false),
(3,'RUS19820704',16,'05:16:48',false),
(3,'FRA19820404',17,'05:16:48',false),
(3,'ITA19890715',18,'05:16:48',false),
(3,'FRA19860116',19,'05:16:48',false),
(3,'RUS19840126',20,'05:16:48',false),
(3,'BEL19830114',21,'05:16:48',false),
(3,'FRA19800102',22,'05:16:48',false),
(3,'ITA19821119',23,'05:16:48',false),
(3,'SLO19831218',24,'05:16:48',false),
(3,'USA19790324',25,'05:16:48',false),
(3,'IRL19840703',26,'05:16:48',false),
(3,'FRA19820223',27,'05:16:48',false),
(3,'AUS19850130',28,'05:16:48',false),
(3,'KAZ19730916',29,'05:16:48',false),
(3,'FRA19880524',30,'05:16:48',false),
(3,'FRA19791027',31,'05:16:48',false),
(3,'AUS19791220',32,'05:16:48',false),
(3,'ESP19791002',33,'05:16:48',false),
(3,'FRA19800123',34,'05:16:48',false),
(3,'GER19820916',35,'05:16:48',false),
(3,'FRA19780106',36,'05:16:48',false),
(3,'BEL19861106',37,'05:16:48',false),
(3,'GER19850423',38,'05:16:48',false),
(3,'ESP19831124',39,'05:16:48',false),
(3,'FRA19830622',40,'05:16:48',false),
(3,'AUS19800516',41,'05:16:48',false),
(3,'FRA19850726',42,'05:16:48',false),
(3,'CRO19860809',43,'05:16:48',false),
(3,'GER19750622',44,'05:16:48',false),
(3,'UZB19810114',45,'05:16:48',false),
(3,'ESP19781105',46,'05:16:48',false),
(3,'KAZ19760815',47,'05:16:48',false),
(3,'FRA19810630',48,'05:16:48',false),
(3,'BEL19830201',49,'05:16:48',false),
(3,'GBR19800811',50,'05:16:48',false),
(3,'ESP19770317',51,'05:16:48',false),
(3,'UKR19830807',52,'05:16:48',false),
(3,'USA19881123',53,'05:16:48',false),
(3,'SUI19830130',54,'05:16:48',false),
(3,'ITA19860613',55,'05:16:48',false),
(3,'ESP19770420',56,'05:16:48',false),
(3,'NOR19760408',57,'05:16:48',false),
(3,'FRA19770522',58,'05:16:48',false),
(3,'CZE19860506',59,'05:16:48',false),
(3,'FRA19870926',60,'05:16:48',false),
(3,'USA19880812',61,'05:16:48',false),
(3,'NED19771105',62,'05:16:48',false),
(3,'ITA19790325',63,'05:16:48',false),
(3,'SWE19800517',64,'05:16:48',false),
(3,'FRA19820202',65,'05:16:48',false),
(3,'ITA19850510',66,'05:16:48',false),
(3,'ESP19810513',67,'05:16:48',false),
(3,'FRA19830106',68,'05:16:48',false),
(3,'FRA19840426',69,'05:16:48',false),
(3,'LUX19840719',70,'05:16:48',false),
(3,'FRA19841126',71,'05:16:48',false),
(3,'ESP19760424',72,'05:16:48',false),
(3,'NED19810405',73,'05:16:48',false),
(3,'RUS19821201',74,'05:16:48',false),
(3,'GBR19800428',75,'05:16:48',false),
(3,'ITA19760328',76,'05:16:48',false),
(3,'POL19860912',77,'05:16:48',false),
(3,'ESP19780205',78,'05:16:48',false),
(3,'NED19861126',79,'05:16:48',false),
(3,'SLO19861125',80,'05:16:48',false),
(3,'RUS19850702',81,'05:16:48',false),
(3,'COL19870126',82,'05:16:48',false),
(3,'POR19810515',83,'05:16:48',false),
(3,'BEL19890626',84,'05:16:48',false),
(3,'ESP19820616',85,'05:16:48',false),
(3,'BEL19860826',86,'05:16:48',false),
(3,'ITA19831111',87,'05:16:48',false),
(3,'BEL19860214',88,'05:16:48',false),
(3,'BLR19820809',89,'05:16:48',false),
(3,'RUS19750305',90,'05:16:48',false),
(3,'FRA19781130',91,'05:16:48',false),
(3,'ESP19781104',92,'05:16:48',false),
(3,'ESP19800205',93,'05:16:48',false),
(3,'FRA19850731',94,'05:16:48',false),
(3,'NED19801113',95,'05:16:48',false),
(3,'FRA19790202',96,'05:16:48',false),
(3,'FRA19850102',97,'05:16:48',false),
(3,'SLO19860623',98,'05:16:48',false),
(3,'ESP19840323',99,'05:16:48',false),
(3,'ESP19840116',100,'05:16:48',false),
(3,'FRA19800911',101,'05:16:48',false),
(3,'ESP19760120',102,'05:16:48',false),
(3,'FRA19860903',103,'05:16:48',false),
(3,'DEN19750514',104,'05:16:48',false),
(3,'ESP19720804',105,'05:16:48',false),
(3,'USA19840216',106,'05:16:48',false),
(3,'FRA19790521',107,'05:16:48',false),
(3,'FRA19861010',108,'05:16:48',false),
(3,'CAN19801209',109,'05:16:48',false),
(3,'FRA19840607',110,'05:16:48',false),
(3,'FRA19860402',111,'05:16:48',false),
(3,'RUS19820129',112,'05:16:48',false),
(3,'FRA19821229',113,'05:16:48',false),
(3,'EST19870424',114,'05:16:48',false),
(3,'DEN19840905',115,'05:16:48',false),
(3,'NED19760129',116,'05:16:48',false),
(3,'FRA19820612',117,'05:16:48',false),
(3,'FRA19801113',118,'05:16:48',false),
(3,'FRA19880824',119,'05:16:48',false),
(3,'BEL19810204',120,'05:16:48',false),
(3,'NED19840215',121,'05:16:48',false),
(3,'FRA19790622',122,'05:16:48',false),
(3,'ITA19750114',123,'05:16:48',false),
(3,'FRA19790701',124,'05:16:48',false),
(3,'DEN19811204',125,'05:16:48',false),
(3,'ESP19800329',126,'05:16:48',false),
(3,'USA19731024',127,'05:16:48',false),
(3,'USA19850509',128,'05:16:48',false),
(3,'FRA19790630',129,'05:16:48',false),
(3,'BEL19850202',130,'05:16:48',false),
(3,'RSA19770422',131,'05:16:48',false),
(3,'FRA19861103',132,'05:16:48',false),
(3,'LUX19800415',133,'05:16:48',false),
(3,'BEL19790829',134,'05:16:48',false),
(3,'BEL19770717',135,'05:16:48',false),
(3,'FRA19810117',136,'05:16:48',false),
(3,'FRA19850508',137,'05:16:48',false),
(3,'FRA19881126',138,'05:16:48',false),
(3,'ESP19790123',139,'05:16:48',false),
(3,'ESP19871007',140,'05:16:48',false),
(3,'POR19800326',141,'05:16:48',false),
(3,'GER19710917',142,'05:16:48',false),
(3,'GER19890825',143,'05:16:48',false),
(3,'BEL19770701',144,'05:16:48',false),
(3,'FRA19800820',145,'05:16:48',false),
(3,'ITA19840430',146,'05:16:48',false),
(3,'BEL19770209',147,'05:16:48',false),
(3,'ESP19831016',148,'05:16:48',false),
(3,'FIN19810329',149,'05:16:48',false),
(3,'BEL19820527',150,'05:16:48',false),
(3,'SVK19900126',151,'05:16:48',false),
(3,'BEL19850702',152,'05:16:48',false),
(3,'FRA19861112',153,'05:16:48',false),
(3,'DEN19840609',154,'05:16:48',false),
(3,'GER19870122',155,'05:23:08',false),
(3,'DEN19850322',156,'05:23:08',false),
(3,'ESP19781127',157,'05:23:08',false),
(3,'GER19751103',158,'05:23:08',false),
(3,'NED19820911',159,'05:23:08',false),
(3,'NED19861112',160,'05:23:08',false),
(3,'FRA19840411',161,'05:23:08',false),
(3,'DEN19840406',162,'05:23:08',false),
(3,'UKR19830723',163,'05:23:08',false),
(3,'BEL19840927',164,'05:23:08',false),
(3,'NED19830727',165,'05:23:08',false),
(3,'FRA19860820',166,'05:23:14',false),
(3,'GBR19740312',167,'05:23:14',false),
(3,'NED19850218',168,'05:23:16',false),
(3,'BEL19800930',169,'05:23:16',false),
(3,'USA19771208',170,'05:23:16',false),
(3,'BEL19860409',171,'05:23:16',false),
(3,'FRA19880101',NULL,NULL,true),
(3,'ITA19870117',NULL,NULL,true),
(4,'FRA19790622',1,'05:04:20',false),
(4,'FRA19820404',2,'05:04:20',false),
(4,'BEL19861106',3,'05:04:20',false),
(4,'FRA19850731',4,'05:04:20',false),
(4,'AUS19840225',5,'05:04:33',false),
(4,'SVK19900126',6,'05:04:33',false),
(4,'FRA19840416',7,'05:04:33',false),
(4,'FRA19800820',8,'05:04:33',false),
(4,'SLO19850813',9,'05:04:33',false),
(4,'SUI19850826',10,'05:04:33',false),
(4,'ESP19850608',11,'05:04:33',false),
(4,'BEL19850702',12,'05:04:33',false),
(4,'FRA19800102',13,'05:04:33',false),
(4,'ITA19821119',14,'05:04:33',false),
(4,'KAZ19760815',15,'05:04:33',false),
(4,'FRA19861112',16,'05:04:33',false),
(4,'ESP19791002',17,'05:04:33',false),
(4,'KAZ19730916',18,'05:04:33',false),
(4,'FRA19880524',19,'05:04:33',false),
(4,'GER19750622',20,'05:04:33',false),
(4,'IRL19840703',21,'05:04:33',false),
(4,'GER19850423',22,'05:04:33',false),
(4,'ITA19840801',23,'05:04:33',false),
(4,'SLO19831218',24,'05:04:33',false),
(4,'GER19820916',25,'05:04:33',false),
(4,'USA19880812',26,'05:04:33',false),
(4,'FRA19870926',27,'05:04:33',false),
(4,'ESP19871007',28,'05:04:33',false),
(4,'BEL19810204',29,'05:04:33',false),
(4,'ESP19770420',30,'05:04:33',false),
(4,'FRA19860116',31,'05:04:33',false),
(4,'CZE19860506',32,'05:04:33',false),
(4,'ESP19831124',33,'05:04:33',false),
(4,'FRA19820202',34,'05:04:33',false),
(4,'NED19861126',35,'05:04:33',false),
(4,'FRA19810630',36,'05:04:33',false),
(4,'FRA19840426',37,'05:04:33',false),
(4,'FRA19841126',38,'05:04:33',false),
(4,'FRA19820223',39,'05:04:33',false),
(4,'ESP19810513',40,'05:04:33',false),
(4,'DEN19850322',41,'05:04:33',false),
(4,'ESP19780205',42,'05:04:33',false),
(4,'SLO19861125',43,'05:04:33',false),
(4,'ESP19800329',44,'05:04:33',false),
(4,'EST19870424',45,'05:04:33',false),
(4,'CRO19860809',46,'05:04:33',false),
(4,'FRA19850601',47,'05:04:33',false),
(4,'ESP19800205',48,'05:04:33',false),
(4,'SUI19830130',49,'05:04:33',false),
(4,'ESP19781104',50,'05:04:33',false),
(4,'SLO19860623',51,'05:04:33',false),
(4,'USA19731024',52,'05:04:33',false),
(4,'FRA19790630',53,'05:04:33',false),
(4,'BEL19830114',54,'05:04:33',false),
(4,'ESP19760424',55,'05:04:33',false),
(4,'SWE19800517',56,'05:04:33',false),
(4,'FRA19861010',57,'05:04:33',false),
(4,'LUX19800415',58,'05:04:33',false),
(4,'BEL19830201',59,'05:04:33',false),
(4,'FRA19790701',60,'05:04:33',false),
(4,'AUS19800516',61,'05:04:33',false),
(4,'ITA19890715',62,'05:04:33',false),
(4,'ITA19790325',63,'05:04:33',false),
(4,'UZB19810114',64,'05:04:33',false),
(4,'ESP19781105',65,'05:04:33',false),
(4,'RUS19820704',66,'05:04:33',false),
(4,'FRA19881126',67,'05:04:33',false),
(4,'RUS19821201',68,'05:04:33',false),
(4,'FRA19770522',69,'05:04:33',false),
(4,'BEL19860826',70,'05:04:33',false),
(4,'FRA19800911',71,'05:04:33',false),
(4,'FRA19801113',72,'05:04:33',false),
(4,'CAN19801209',73,'05:04:33',false),
(4,'BLR19820809',74,'05:04:33',false),
(4,'DEN19750514',75,'05:04:33',false),
(4,'GBR19800428',76,'05:04:33',false),
(4,'FRA19860903',77,'05:04:33',false),
(4,'USA19881123',78,'05:04:33',false),
(4,'GER19751103',79,'05:04:33',false),
(4,'DEN19840905',80,'05:04:33',false),
(4,'BEL19770209',81,'05:04:33',false),
(4,'AUS19850130',82,'05:04:33',false),
(4,'ITA19850510',83,'05:04:33',false),
(4,'BEL19820527',84,'05:04:33',false),
(4,'NED19771105',85,'05:04:33',false),
(4,'GER19710917',86,'05:04:33',false),
(4,'RUS19840126',87,'05:04:33',false),
(4,'POR19810515',88,'05:04:33',false),
(4,'NED19810405',89,'05:04:33',false),
(4,'LUX19840719',90,'05:04:33',false),
(4,'NED19861112',91,'05:04:33',false),
(4,'POR19800326',92,'05:04:33',false),
(4,'FRA19861103',93,'05:04:33',false),
(4,'NED19801113',94,'05:04:33',false),
(4,'AUS19791220',95,'05:04:33',false),
(4,'BEL19860214',96,'05:04:33',false),
(4,'FRA19821229',97,'05:04:33',false),
(4,'FRA19781130',98,'05:04:33',false),
(4,'GER19890825',99,'05:04:33',false),
(4,'NED19840215',100,'05:04:33',false),
(4,'NED19760129',101,'05:04:33',false),
(4,'BEL19790829',102,'05:04:33',false),
(4,'RUS19750305',103,'05:04:33',false),
(4,'BEL19770701',104,'05:04:33',false),
(4,'USA19840216',105,'05:04:33',false),
(4,'ESP19840116',106,'05:04:33',false),
(4,'ITA19860613',107,'05:04:33',false),
(4,'FRA19790202',108,'05:04:33',false),
(4,'FRA19800123',109,'05:04:33',false),
(4,'ESP19840323',110,'05:04:33',false),
(4,'FRA19830622',111,'05:04:33',false),
(4,'USA19850509',112,'05:04:33',false),
(4,'COL19870126',113,'05:04:33',false),
(4,'NED19820911',114,'05:04:33',false),
(4,'ITA19840430',115,'05:04:33',false),
(4,'FRA19790521',116,'05:04:33',false),
(4,'AUS19861105',117,'05:04:33',false),
(4,'ITA19850106',118,'05:04:53',false),
(4,'ITA19831111',119,'05:05:03',false),
(4,'BEL19850202',120,'05:05:10',false),
(4,'DEN19800116',121,'05:17:30',false),
(4,'DEN19840609',122,'05:17:30',false),
(4,'NED19850218',123,'05:17:30',false),
(4,'USA19771208',124,'05:17:30',false),
(4,'DEN19811204',125,'05:17:30',false),
(4,'DEN19840406',126,'05:17:30',false),
(4,'LTU19820204',127,'05:17:30',false),
(4,'UKR19830807',128,'05:17:30',false),
(4,'RUS19850702',129,'05:17:30',false),
(4,'ITA19750114',130,'05:17:30',false),
(4,'BEL19890626',131,'05:17:30',false),
(4,'POL19860912',132,'05:17:30',false),
(4,'ESP19760120',133,'05:17:30',false),
(4,'ESP19781127',134,'05:17:30',false),
(4,'FRA19850102',135,'05:17:30',false),
(4,'FRA19880824',136,'05:17:30',false),
(4,'FRA19840607',137,'05:17:30',false),
(4,'FRA19780106',138,'05:17:30',false),
(4,'RSA19770422',139,'05:17:30',false),
(4,'GBR19860525',140,'05:17:30',false),
(4,'FRA19840411',141,'05:17:30',false),
(4,'FRA19830106',142,'05:17:30',false),
(4,'FRA19860402',143,'05:17:30',false),
(4,'FRA19820612',144,'05:17:30',false),
(4,'FRA19860820',145,'05:17:30',false),
(4,'FRA19850726',146,'05:17:30',false),
(4,'USA19790324',147,'05:17:30',false),
(4,'NZL19760910',148,'05:17:30',false),
(4,'BEL19840927',149,'05:17:30',false),
(4,'FRA19810117',150,'05:17:30',false),
(4,'BEL19770717',151,'05:17:30',false),
(4,'FRA19830928',152,'05:17:30',false),
(4,'FRA19791027',153,'05:17:30',false),
(4,'ESP19820616',154,'05:17:30',false),
(4,'ESP19770317',155,'05:17:30',false),
(4,'ESP19790123',156,'05:17:30',false),
(4,'FRA19850508',157,'05:17:30',false),
(4,'ESP19720804',158,'05:17:30',false),
(4,'FIN19810329',159,'05:17:30',false),
(4,'ESP19831016',160,'05:17:30',false),
(4,'NED19830727',161,'05:17:30',false),
(4,'GBR19800811',162,'05:17:30',false),
(4,'GBR19740312',163,'05:17:30',false),
(4,'UKR19830723',164,'05:17:30',false),
(4,'ITA19760328',165,'05:17:30',false),
(4,'GER19870122',166,'05:17:30',false),
(4,'RUS19820129',167,'05:30:56',false),
(4,'NOR19760408',168,'05:30:56',false),
(4,'BEL19800930',NULL,NULL,true),
(4,'BEL19860409',NULL,NULL,true),
(4,'RUS19870307',NULL,NULL,true),
(5,'GER19750622',1,'04:59:00',false),
(5,'ESP19780205',2,'04:59:00',false),
(5,'ITA19790325',3,'04:59:00',false),
(5,'GER19850423',4,'04:59:00',false),
(5,'EST19870424',5,'04:59:00',false),
(5,'CRO19860809',6,'04:59:00',false),
(5,'SLO19831218',7,'04:59:00',false),
(5,'ESP19781105',8,'04:59:00',false),
(5,'ESP19831124',9,'04:59:18',false),
(5,'FRA19861010',10,'04:59:19',false),
(5,'DEN19840905',11,'04:59:19',false),
(5,'CAN19801209',12,'04:59:19',false),
(5,'BEL19830114',13,'04:59:19',false),
(5,'GBR19800428',14,'04:59:19',false),
(5,'BEL19830201',15,'04:59:19',false),
(5,'LUX19800415',16,'04:59:19',false),
(5,'SLO19860623',17,'04:59:19',false),
(5,'AUS19791220',18,'04:59:19',false),
(5,'USA19731024',19,'04:59:19',false),
(5,'ESP19840116',20,'04:59:19',false),
(5,'CZE19860506',21,'04:59:19',false),
(5,'FRA19770522',22,'04:59:19',false),
(5,'NED19861126',23,'04:59:19',false),
(5,'FRA19790630',24,'05:00:34',false),
(5,'AUS19850130',25,'05:00:36',false),
(5,'USA19880812',26,'05:00:36',false),
(5,'COL19870126',27,'05:00:36',false),
(5,'FRA19800911',28,'05:00:51',false),
(5,'UZB19810114',29,'05:00:51',false),
(5,'GER19820916',30,'05:00:56',false),
(5,'ESP19760424',31,'05:00:56',false),
(5,'NED19840215',32,'05:00:56',false),
(5,'ESP19791002',33,'05:00:56',false),
(5,'ITA19890715',34,'05:00:56',false),
(5,'FRA19781130',35,'05:00:56',false),
(5,'BLR19820809',36,'05:00:56',false),
(5,'FRA19790622',37,'05:00:56',false),
(5,'FRA19860903',38,'05:01:51',false),
(5,'IRL19840703',39,'05:01:51',false),
(5,'FRA19790202',40,'05:01:51',false),
(5,'ESP19850608',41,'05:01:51',false),
(5,'RUS19820704',42,'05:01:51',false),
(5,'FRA19820202',43,'05:01:51',false),
(5,'SUI19830130',44,'05:01:51',false),
(5,'RUS19821201',45,'05:02:21',false),
(5,'ITA19850510',46,'05:02:37',false),
(5,'NED19861112',47,'05:02:37',false),
(5,'USA19840216',48,'05:02:37',false),
(5,'FRA19870926',49,'05:02:37',false),
(5,'RUS19840126',50,'05:02:37',false),
(5,'FRA19850731',51,'05:02:37',false),
(5,'BEL19790829',52,'05:02:37',false),
(5,'FRA19800123',53,'05:04:12',false),
(5,'KAZ19730916',54,'05:04:12',false),
(5,'FRA19800102',55,'05:04:12',false),
(5,'ESP19781104',56,'05:04:12',false),
(5,'FRA19850601',57,'05:04:12',false),
(5,'BEL19810204',58,'05:07:13',false),
(5,'FRA19820404',59,'05:07:13',false),
(5,'FRA19880524',60,'05:07:13',false),
(5,'ITA19840801',61,'05:07:13',false),
(5,'ITA19850106',62,'05:11:43',false),
(5,'BEL19770701',63,'05:14:36',false),
(5,'BEL19860826',64,'05:14:36',false),
(5,'BEL19861106',65,'05:14:36',false),
(5,'BEL19850202',66,'05:14:36',false),
(5,'BEL19860214',67,'05:14:36',false),
(5,'LUX19840719',68,'05:14:36',false),
(5,'SUI19850826',69,'05:14:36',false),
(5,'FRA19801113',70,'05:14:36',false),
(5,'GER19890825',71,'05:14:36',false),
(5,'POR19810515',72,'05:14:36',false),
(5,'DEN19750514',73,'05:14:36',false),
(5,'BEL19770209',74,'05:14:36',false),
(5,'NED19820911',75,'05:14:36',false),
(5,'ESP19770317',76,'05:14:36',false),
(5,'ITA19821119',77,'05:14:36',false),
(5,'NED19801113',78,'05:14:36',false),
(5,'AUS19840225',79,'05:14:36',false),
(5,'NED19810405',80,'05:14:36',false),
(5,'ITA19760328',81,'05:14:36',false),
(5,'FRA19850508',82,'05:16:06',false),
(5,'FRA19830622',83,'05:16:06',false),
(5,'USA19850509',84,'05:16:06',false),
(5,'GER19710917',85,'05:16:06',false),
(5,'AUS19861105',86,'05:16:06',false),
(5,'FRA19810630',87,'05:16:06',false),
(5,'SLO19850813',88,'05:18:21',false),
(5,'ITA19831111',89,'05:18:21',false),
(5,'ESP19831016',90,'05:19:53',false),
(5,'ESP19840323',91,'05:19:53',false),
(5,'AUS19800516',92,'05:19:53',false),
(5,'RSA19770422',93,'05:19:53',false),
(5,'ESP19800205',94,'05:19:53',false),
(5,'ESP19770420',95,'05:19:53',false),
(5,'FRA19820223',96,'05:19:53',false),
(5,'POR19800326',97,'05:19:53',false),
(5,'FRA19790701',98,'05:19:53',false),
(5,'FRA19790521',99,'05:19:53',false),
(5,'DEN19800116',100,'05:19:53',false),
(5,'DEN19840406',101,'05:19:53',false),
(5,'SWE19800517',102,'05:19:53',false),
(5,'LTU19820204',103,'05:19:53',false),
(5,'FRA19840607',104,'05:19:53',false),
(5,'ESP19871007',105,'05:19:53',false),
(5,'FRA19850726',106,'05:19:53',false),
(5,'GER19751103',107,'05:19:53',false),
(5,'FRA19861103',108,'05:19:53',false),
(5,'FRA19820612',109,'05:19:53',false),
(5,'FRA19880824',110,'05:19:53',false),
(5,'KAZ19760815',111,'05:19:53',false),
(5,'NED19771105',112,'05:19:53',false),
(5,'UKR19830807',113,'05:19:53',false),
(5,'NED19760129',114,'05:19:53',false),
(5,'BEL19890626',115,'05:19:53',false),
(5,'USA19881123',116,'05:19:53',false),
(5,'FRA19841126',117,'05:19:53',false),
(5,'FRA19840426',118,'05:19:53',false),
(5,'FRA19821229',119,'05:19:53',false),
(5,'ITA19750114',120,'05:19:53',false),
(5,'FRA19830106',121,'05:19:53',false),
(5,'FRA19860116',122,'05:19:53',false),
(5,'ITA19840430',123,'05:19:53',false),
(5,'USA19790324',124,'05:19:53',false),
(5,'NZL19760910',125,'05:19:53',false),
(5,'RUS19750305',126,'05:19:53',false),
(5,'DEN19840609',127,'05:24:47',false),
(5,'RUS19850702',128,'05:24:47',false),
(5,'ESP19810513',129,'05:24:47',false),
(5,'SLO19861125',130,'05:24:47',false),
(5,'ESP19781127',131,'05:24:47',false),
(5,'FRA19840416',132,'05:24:47',false),
(5,'FRA19830928',133,'05:24:47',false),
(5,'FRA19810117',134,'05:24:47',false),
(5,'FRA19840411',135,'05:24:47',false),
(5,'DEN19850322',136,'05:24:47',false),
(5,'FRA19860820',137,'05:24:47',false),
(5,'ESP19760120',138,'05:24:47',false),
(5,'ESP19720804',139,'05:24:47',false),
(5,'ESP19790123',140,'05:24:47',false),
(5,'USA19771208',141,'05:24:47',false),
(5,'FRA19780106',142,'05:24:47',false),
(5,'POL19860912',143,'05:24:47',false),
(5,'SVK19900126',144,'05:24:47',false),
(5,'GBR19800811',145,'05:24:47',false),
(5,'NOR19760408',146,'05:24:47',false),
(5,'NED19850218',147,'05:24:47',false),
(5,'BEL19850702',148,'05:24:47',false),
(5,'FIN19810329',149,'05:24:47',false),
(5,'FRA19791027',150,'05:24:47',false),
(5,'ESP19820616',151,'05:24:47',false),
(5,'FRA19800820',152,'05:24:47',false),
(5,'RUS19820129',153,'05:24:47',false),
(5,'ITA19860613',154,'05:24:47',false),
(5,'FRA19850102',155,'05:24:47',false),
(5,'FRA19860402',156,'05:24:47',false),
(5,'NED19830727',157,'05:24:47',false),
(5,'BEL19840927',158,'05:24:47',false),
(5,'ESP19800329',159,'05:24:47',false),
(5,'GBR19860525',160,'05:24:47',false),
(5,'GBR19740312',161,'05:24:47',false),
(5,'GER19870122',162,'05:24:47',false),
(5,'UKR19830723',163,'05:24:47',false),
(5,'BEL19820527',NULL,NULL,true),
(5,'BEL19770717',NULL,NULL,true),
(5,'DEN19811204',NULL,NULL,true),
(5,'FRA19881126',NULL,NULL,true),
(5,'FRA19861112',NULL,NULL,true),
(6,'GER19850423',1,'00:33:24',false),
(6,'GBR19800428',2,'00:33:44',false),
(6,'AUS19850130',3,'00:33:53',false),
(6,'GER19750622',4,'00:34:10',false),
(6,'FRA19770522',5,'00:34:19',false),
(6,'NED19820911',6,'00:34:21',false),
(6,'USA19881123',7,'00:34:29',false),
(6,'EST19870424',8,'00:34:34',false),
(6,'USA19731024',9,'00:34:34',false),
(6,'USA19880812',10,'00:34:53',false),
(6,'KAZ19730916',11,'00:34:53',false),
(6,'SLO19831218',12,'00:34:56',false),
(6,'NED19861126',13,'00:35:02',false),
(6,'ESP19831124',14,'00:35:04',false),
(6,'BEL19861106',15,'00:35:07',false),
(6,'ESP19780205',16,'00:35:07',false),
(6,'BEL19790829',17,'00:35:11',false),
(6,'BLR19820809',18,'00:35:13',false),
(6,'ESP19781105',19,'00:35:15',false),
(6,'GER19820916',20,'00:35:19',false),
(6,'NED19771105',21,'00:35:20',false),
(6,'AUS19791220',22,'00:35:22',false),
(6,'GBR19860525',23,'00:35:24',false),
(6,'BEL19830114',24,'00:35:27',false),
(6,'GER19710917',25,'00:35:34',false),
(6,'LUX19800415',26,'00:35:35',false),
(6,'ESP19791002',27,'00:35:43',false),
(6,'USA19840216',28,'00:35:44',false),
(6,'FRA19830622',29,'00:35:45',false),
(6,'UKR19830807',30,'00:35:48',false),
(6,'FRA19861103',31,'00:35:51',false),
(6,'FRA19790630',32,'00:35:55',false),
(6,'CRO19860809',33,'00:35:55',false),
(6,'FRA19800102',34,'00:35:55',false),
(6,'ITA19790325',35,'00:35:56',false),
(6,'FRA19790202',36,'00:35:56',false),
(6,'COL19870126',37,'00:35:59',false),
(6,'ITA19890715',38,'00:35:59',false),
(6,'ESP19760424',39,'00:36:00',false),
(6,'FRA19810117',40,'00:36:02',false),
(6,'FRA19810630',41,'00:36:08',false),
(6,'BEL19860826',42,'00:36:10',false),
(6,'AUS19840225',43,'00:36:11',false),
(6,'ESP19850608',44,'00:36:12',false),
(6,'DEN19840905',45,'00:36:12',false),
(6,'NED19801113',46,'00:36:12',false),
(6,'CZE19860506',47,'00:36:14',false),
(6,'SLO19860623',48,'00:36:17',false),
(6,'CAN19801209',49,'00:36:27',false),
(6,'IRL19840703',50,'00:36:31',false),
(6,'FRA19870926',51,'00:36:31',false),
(6,'FRA19800911',52,'00:36:34',false),
(6,'FRA19860820',53,'00:36:34',false),
(6,'POR19800326',54,'00:36:37',false),
(6,'ESP19781127',55,'00:36:40',false),
(6,'FRA19861010',56,'00:36:41',false),
(6,'UZB19810114',57,'00:36:42',false),
(6,'ESP19800329',58,'00:36:43',false),
(6,'BEL19830201',59,'00:36:44',false),
(6,'BEL19810204',60,'00:36:44',false),
(6,'RUS19820704',61,'00:36:45',false),
(6,'NED19760129',62,'00:36:45',false),
(6,'ESP19810513',63,'00:36:45',false),
(6,'FRA19860903',64,'00:36:46',false),
(6,'FRA19850601',65,'00:36:47',false),
(6,'FRA19820404',66,'00:36:48',false),
(6,'ESP19800205',67,'00:36:50',false),
(6,'ITA19850510',68,'00:36:54',false),
(6,'SVK19900126',69,'00:36:55',false),
(6,'BEL19770209',70,'00:36:56',false),
(6,'BEL19850202',71,'00:36:57',false),
(6,'POR19810515',72,'00:36:57',false),
(6,'ESP19770317',73,'00:36:59',false),
(6,'FRA19781130',74,'00:37:00',false),
(6,'ESP19781104',75,'00:37:01',false),
(6,'ITA19840801',76,'00:37:01',false),
(6,'NED19840215',77,'00:37:01',false),
(6,'DEN19840406',78,'00:37:03',false),
(6,'NED19850218',79,'00:37:03',false),
(6,'SLO19861125',80,'00:37:04',false),
(6,'RUS19821201',81,'00:37:04',false),
(6,'FRA19850726',82,'00:37:05',false),
(6,'FRA19850731',83,'00:37:12',false),
(6,'BEL19860214',84,'00:37:13',false),
(6,'ITA19860613',85,'00:37:14',false),
(6,'FRA19840426',86,'00:37:14',false),
(6,'FRA19850508',87,'00:37:15',false),
(6,'FRA19801113',88,'00:37:17',false),
(6,'DEN19850322',89,'00:37:17',false),
(6,'ESP19840116',90,'00:37:18',false),
(6,'FRA19830106',91,'00:37:18',false),
(6,'UKR19830723',92,'00:37:20',false),
(6,'FRA19820612',93,'00:37:21',false),
(6,'FRA19800123',94,'00:37:22',false),
(6,'ITA19760328',95,'00:37:23',false),
(6,'LUX19840719',96,'00:37:25',false),
(6,'KAZ19760815',97,'00:37:27',false),
(6,'FRA19820223',98,'00:37:28',false),
(6,'ESP19770420',99,'00:37:30',false),
(6,'NED19810405',100,'00:37:30',false),
(6,'ITA19821119',101,'00:37:32',false),
(6,'POL19860912',102,'00:37:32',false),
(6,'NZL19760910',103,'00:37:33',false),
(6,'FRA19820202',104,'00:37:34',false),
(6,'BEL19850702',105,'00:37:34',false),
(6,'NED19830727',106,'00:37:36',false),
(6,'FRA19790622',107,'00:37:37',false),
(6,'RUS19840126',108,'00:37:38',false),
(6,'NED19861112',109,'00:37:42',false),
(6,'GER19751103',110,'00:37:44',false),
(6,'FIN19810329',111,'00:37:45',false),
(6,'LTU19820204',112,'00:37:45',false),
(6,'USA19790324',113,'00:37:48',false),
(6,'GER19890825',114,'00:37:49',false),
(6,'ESP19840323',115,'00:37:50',false),
(6,'ESP19871007',116,'00:37:51',false),
(6,'BEL19770701',117,'00:37:52',false),
(6,'RUS19820129',118,'00:37:55',false),
(6,'FRA19840416',119,'00:37:57',false),
(6,'ITA19850106',120,'00:37:58',false),
(6,'RSA19770422',121,'00:37:58',false),
(6,'DEN19750514',122,'00:37:59',false),
(6,'SLO19850813',123,'00:38:03',false),
(6,'SUI19850826',124,'00:38:06',false),
(6,'FRA19830928',125,'00:38:08',false),
(6,'FRA19841126',126,'00:38:11',false),
(6,'AUS19861105',127,'00:38:13',false),
(6,'AUS19800516',128,'00:38:15',false),
(6,'DEN19800116',129,'00:38:17',false),
(6,'ITA19840430',130,'00:38:18',false),
(6,'USA19771208',131,'00:38:19',false),
(6,'ESP19760120',132,'00:38:25',false),
(6,'SWE19800517',133,'00:38:29',false),
(6,'FRA19790521',134,'00:38:31',false),
(6,'FRA19840411',135,'00:38:32',false),
(6,'ITA19750114',136,'00:38:32',false),
(6,'FRA19850102',137,'00:38:33',false),
(6,'NOR19760408',138,'00:38:43',false),
(6,'FRA19860402',139,'00:38:45',false),
(6,'FRA19860116',140,'00:38:47',false),
(6,'FRA19791027',141,'00:38:52',false),
(6,'USA19850509',142,'00:38:54',false),
(6,'ESP19720804',143,'00:38:54',false),
(6,'FRA19821229',144,'00:38:54',false),
(6,'RUS19850702',145,'00:38:55',false),
(6,'FRA19840607',146,'00:38:59',false),
(6,'ESP19820616',147,'00:39:03',false),
(6,'FRA19800820',148,'00:39:03',false),
(6,'ESP19790123',149,'00:39:08',false),
(6,'GBR19800811',150,'00:39:12',false),
(6,'FRA19880824',151,'00:39:20',false),
(6,'BEL19840927',152,'00:39:20',false),
(6,'ITA19831111',153,'00:39:24',false),
(6,'DEN19840609',154,'00:39:25',false),
(6,'FRA19880524',155,'00:39:32',false),
(6,'RUS19750305',156,'00:39:35',false),
(6,'FRA19790701',157,'00:39:49',false),
(6,'GBR19740312',158,'00:39:53',false),
(6,'FRA19780106',159,'00:40:00',false),
(6,'BEL19890626',160,'00:40:17',false),
(6,'GER19870122',161,'00:40:28',false),
(6,'ESP19831016',162,'00:40:36',false),
(6,'SUI19830130',NULL,NULL,true),
(7,'FRA19850731',1,'05:46:23',false),
(7,'ESP19780205',2,'05:46:28',false),
(7,'COL19870126',3,'05:46:28',false),
(7,'GER19750622',4,'05:46:30',false),
(7,'GER19850423',5,'05:46:30',false),
(7,'EST19870424',6,'05:46:30',false),
(7,'SLO19831218',7,'05:46:32',false),
(7,'GBR19800428',8,'05:46:32',false),
(7,'ESP19781105',9,'05:46:32',false),
(7,'BEL19830114',10,'05:46:34',false),
(7,'FRA19770522',11,'05:46:37',false),
(7,'USA19731024',12,'05:46:37',false),
(7,'FRA19860903',13,'05:46:37',false),
(7,'NED19861126',14,'05:46:37',false),
(7,'FRA19880824',15,'05:46:37',false),
(7,'CZE19860506',16,'05:46:41',false),
(7,'SLO19860623',17,'05:46:42',false),
(7,'ESP19810513',18,'05:46:52',false),
(7,'AUS19791220',19,'05:46:52',false),
(7,'ESP19791002',20,'05:46:52',false),
(7,'ITA19790325',21,'05:46:52',false),
(7,'FRA19841126',22,'05:47:00',false),
(7,'GER19820916',23,'05:47:00',false),
(7,'ESP19850608',24,'05:47:00',false),
(7,'FRA19860116',25,'05:47:00',false),
(7,'SLO19861125',26,'05:47:00',false),
(7,'USA19850509',27,'05:47:00',false),
(7,'SUI19850826',28,'05:47:08',false),
(7,'RUS19821201',29,'05:47:13',false),
(7,'BEL19850702',30,'05:47:13',false),
(7,'FRA19781130',31,'05:47:13',false),
(7,'FRA19830106',32,'05:47:13',false),
(7,'FRA19850102',33,'05:47:19',false),
(7,'BEL19770701',34,'05:47:32',false),
(7,'ESP19781104',35,'05:47:32',false),
(7,'FRA19820223',36,'05:47:32',false),
(7,'BLR19820809',37,'05:47:42',false),
(7,'CAN19801209',38,'05:47:56',false),
(7,'AUS19861105',39,'05:48:21',false),
(7,'FRA19801113',40,'05:48:48',false),
(7,'FRA19790701',41,'05:49:22',false),
(7,'FRA19861103',42,'05:49:22',false),
(7,'AUS19800516',43,'05:49:22',false),
(7,'FRA19820404',44,'05:49:22',false),
(7,'ESP19770317',45,'05:49:22',false),
(7,'ESP19831016',46,'05:49:22',false),
(7,'FIN19810329',47,'05:49:22',false),
(7,'DEN19750514',48,'05:49:22',false),
(7,'DEN19800116',49,'05:49:22',false),
(7,'ESP19770420',50,'05:49:22',false),
(7,'ESP19760120',51,'05:49:22',false),
(7,'ESP19800329',52,'05:49:22',false),
(7,'RUS19820704',53,'05:49:22',false),
(7,'ESP19820616',54,'05:49:35',false),
(7,'ITA19850510',55,'05:50:09',false),
(7,'AUS19850130',56,'05:50:56',false),
(7,'LTU19820204',57,'05:50:56',false),
(7,'DEN19840905',58,'05:51:03',false),
(7,'ITA19890715',59,'05:51:07',false),
(7,'FRA19861010',60,'05:51:21',false),
(7,'NED19861112',61,'05:51:21',false),
(7,'GER19710917',62,'05:51:21',false),
(7,'AUS19840225',63,'05:51:21',false),
(7,'RUS19840126',64,'05:51:33',false),
(7,'NED19840215',65,'05:51:38',false),
(7,'NED19760129',66,'05:51:54',false),
(7,'FRA19850508',67,'05:52:01',false),
(7,'KAZ19760815',68,'05:52:09',false),
(7,'KAZ19730916',69,'05:52:20',false),
(7,'UKR19830807',70,'05:52:20',false),
(7,'ESP19800205',71,'05:52:20',false),
(7,'ESP19840323',72,'05:52:20',false),
(7,'ESP19831124',73,'05:52:20',false),
(7,'FRA19790622',74,'05:52:20',false),
(7,'FRA19870926',75,'05:52:20',false),
(7,'FRA19850601',76,'05:52:20',false),
(7,'FRA19830928',77,'05:52:20',false),
(7,'BEL19861106',78,'05:52:20',false),
(7,'BEL19790829',79,'05:52:20',false),
(7,'POR19800326',80,'05:52:20',false),
(7,'BEL19830201',81,'05:52:20',false),
(7,'UZB19810114',82,'05:52:20',false),
(7,'BEL19860214',83,'05:52:20',false),
(7,'FRA19860402',84,'05:52:20',false),
(7,'ESP19871007',85,'05:53:04',false),
(7,'ESP19720804',86,'05:53:15',false),
(7,'FRA19800123',87,'05:53:26',false),
(7,'DEN19840609',88,'05:54:27',false),
(7,'ESP19840116',89,'05:57:03',false),
(7,'FRA19840426',90,'05:57:03',false),
(7,'FRA19800102',91,'05:58:22',false),
(7,'ESP19760424',92,'05:58:22',false),
(7,'USA19881123',93,'05:58:22',false),
(7,'BEL19860826',94,'05:58:22',false),
(7,'FRA19800820',95,'05:58:22',false),
(7,'FRA19800911',96,'05:58:22',false),
(7,'ITA19821119',97,'05:58:22',false),
(7,'USA19880812',98,'05:58:22',false),
(7,'USA19790324',99,'05:58:22',false),
(7,'NED19820911',100,'05:58:22',false),
(7,'FRA19791027',101,'05:58:22',false),
(7,'SLO19850813',102,'05:58:22',false),
(7,'ESP19781127',103,'05:58:22',false),
(7,'GBR19740312',104,'05:58:22',false),
(7,'NED19801113',105,'05:58:22',false),
(7,'GER19751103',106,'06:00:49',false),
(7,'DEN19840406',107,'06:06:44',false),
(7,'NED19771105',108,'06:06:44',false),
(7,'ESP19790123',109,'06:06:44',false),
(7,'GER19890825',110,'06:06:44',false),
(7,'POL19860912',111,'06:06:44',false),
(7,'ITA19840430',112,'06:06:44',false),
(7,'LUX19840719',113,'06:06:44',false),
(7,'ITA19750114',114,'06:06:44',false),
(7,'ITA19831111',115,'06:06:44',false),
(7,'GBR19800811',116,'06:06:44',false),
(7,'RSA19770422',117,'06:06:44',false),
(7,'GBR19860525',118,'06:06:44',false),
(7,'RUS19820129',119,'06:06:44',false),
(7,'POR19810515',120,'06:06:44',false),
(7,'UKR19830723',121,'06:06:44',false),
(7,'USA19840216',122,'06:06:44',false),
(7,'FRA19810117',123,'06:06:44',false),
(7,'BEL19810204',124,'06:06:44',false),
(7,'FRA19780106',125,'06:06:44',false),
(7,'NOR19760408',126,'06:06:44',false),
(7,'FRA19821229',127,'06:06:44',false),
(7,'FRA19820612',128,'06:06:44',false),
(7,'FRA19820202',129,'06:06:44',false),
(7,'FRA19790521',130,'06:06:44',false),
(7,'FRA19840607',131,'06:06:44',false),
(7,'USA19771208',132,'06:06:44',false),
(7,'BEL19840927',133,'06:06:44',false),
(7,'GER19870122',134,'06:06:44',false),
(7,'NED19850218',135,'06:06:44',false),
(7,'FRA19860820',136,'06:06:44',false),
(7,'NED19810405',137,'06:06:44',false),
(7,'FRA19850726',138,'06:06:44',false),
(7,'FRA19830622',139,'06:06:44',false),
(7,'CRO19860809',140,'06:06:53',false),
(7,'ITA19760328',NULL,NULL,true),
(7,'ITA19840801',NULL,NULL,true),
(7,'FRA19840411',NULL,NULL,true),
(7,'FRA19790630',NULL,NULL,true),
(7,'BEL19890626',NULL,NULL,true),
(7,'RUS19850702',NULL,NULL,true),
(7,'RUS19750305',NULL,NULL,true),
(7,'FRA19880524',NULL,NULL,true),
(7,'DEN19850322',NULL,NULL,true),
(7,'LUX19800415',NULL,NULL,true),
(7,'ITA19860613',NULL,NULL,true),
(7,'ITA19850106',NULL,NULL,true),
(7,'SVK19900126',NULL,NULL,true),
(7,'FRA19840416',NULL,NULL,true),
(7,'FRA19790202',NULL,NULL,true),
(7,'FRA19810630',NULL,NULL,true),
(7,'SWE19800517',NULL,NULL,true),
(7,'BEL19770209',NULL,NULL,true),
(7,'BEL19850202',NULL,NULL,true),
(7,'IRL19840703',NULL,NULL,true),
(7,'NZL19760910',NULL,NULL,true),
(7,'NED19830727',NULL,NULL,true),
(8,'ESP19821206',1,'02:52:12',false),
(8,'FRA19790622',2,'03:15:58',false),
(8,'ITA19890715',3,'03:16:21',false),
(8,'FRA19850601',4,'03:17:04',false),
(8,'ESP19780205',5,'03:17:04',false),
(8,'ESP19810513',6,'03:17:04',false),
(8,'ITA19790325',7,'03:17:06',false),
(8,'ESP19871007',8,'03:17:10',false),
(8,'ESP19850608',9,'03:17:20',false),
(8,'SLO19860623',10,'03:17:20',false),
(8,'LTU19820204',11,'03:17:20',false),
(8,'NED19861126',12,'03:17:20',false),
(8,'FRA19860116',13,'03:17:20',false),
(8,'GER19750622',14,'03:17:20',false),
(8,'FRA19860903',15,'03:17:20',false),
(8,'SLO19831218',16,'03:17:20',false),
(8,'GER19850423',17,'03:17:20',false),
(8,'GBR19800428',18,'03:17:20',false),
(8,'EST19870424',19,'03:17:20',false),
(8,'USA19731024',20,'03:17:20',false),
(8,'BEL19830114',21,'03:17:20',false),
(8,'POR19800326',22,'03:17:23',false),
(8,'AUS19791220',23,'03:17:23',false),
(8,'FRA19770522',24,'03:17:23',false),
(8,'AUS19800516',25,'03:17:23',false),
(8,'ESP19800329',26,'03:20:52',false),
(8,'ESP19791002',27,'03:21:10',false),
(8,'SLO19861125',28,'03:21:10',false),
(8,'FRA19810117',29,'03:21:10',false),
(8,'FRA19790701',30,'03:21:10',false),
(8,'KAZ19760815',31,'03:21:10',false),
(8,'GER19820916',32,'03:21:10',false),
(8,'FRA19850731',33,'03:21:10',false),
(8,'FRA19830106',34,'03:21:10',false),
(8,'BEL19860214',35,'03:21:10',false),
(8,'GER19710917',36,'03:21:10',false),
(8,'AUS19850130',37,'03:21:10',false),
(8,'DEN19750514',38,'03:21:10',false),
(8,'AUS19861105',39,'03:21:10',false),
(8,'ESP19781104',40,'03:21:10',false),
(8,'FRA19801113',41,'03:21:10',false),
(8,'ITA19840430',42,'03:21:10',false),
(8,'ESP19781105',43,'03:21:10',false),
(8,'CZE19860506',44,'03:21:10',false),
(8,'ESP19760120',45,'03:21:10',false),
(8,'ITA19850510',46,'03:21:21',false),
(8,'ESP19770317',47,'03:21:23',false),
(8,'USA19881123',48,'03:21:23',false),
(8,'FRA19820223',49,'03:21:23',false),
(8,'BEL19861106',50,'03:21:23',false),
(8,'ESP19840323',51,'03:21:23',false),
(8,'RUS19840126',52,'03:21:23',false),
(8,'USA19880812',53,'03:21:23',false),
(8,'COL19870126',54,'03:21:23',false),
(8,'FIN19810329',55,'03:21:23',false),
(8,'BEL19770701',56,'03:21:23',false),
(8,'BEL19790829',57,'03:21:23',false),
(8,'GBR19860525',58,'03:21:23',false),
(8,'NED19810405',59,'03:22:42',false),
(8,'DEN19840905',60,'03:24:34',false),
(8,'UKR19830807',61,'03:24:34',false),
(8,'FRA19820404',62,'03:25:30',false),
(8,'LUX19840719',63,'03:25:30',false),
(8,'ESP19800205',64,'03:25:30',false),
(8,'ESP19770420',65,'03:25:30',false),
(8,'USA19850509',66,'03:25:30',false),
(8,'ESP19831124',67,'03:25:30',false),
(8,'FRA19861103',68,'03:27:29',false),
(8,'FRA19840607',69,'03:27:29',false),
(8,'DEN19800116',70,'03:29:08',false),
(8,'BEL19850702',71,'03:29:08',false),
(8,'FRA19800123',72,'03:29:08',false),
(8,'FRA19800820',73,'03:29:08',false),
(8,'FRA19820612',74,'03:29:08',false),
(8,'NED19840215',75,'03:29:08',false),
(8,'RUS19821201',76,'03:29:08',false),
(8,'ESP19820616',77,'03:29:08',false),
(8,'ITA19831111',78,'03:29:08',false),
(8,'GER19751103',79,'03:34:00',false),
(8,'USA19840216',80,'03:34:00',false),
(8,'BEL19860826',81,'03:34:00',false),
(8,'BLR19820809',82,'03:34:00',false),
(8,'POL19860912',83,'03:34:00',false),
(8,'FRA19800911',84,'03:34:00',false),
(8,'CAN19801209',85,'03:34:00',false),
(8,'AUS19840225',86,'03:34:00',false),
(8,'ESP19840116',87,'03:34:00',false),
(8,'UZB19810114',88,'03:34:00',false),
(8,'FRA19830928',89,'03:34:00',false),
(8,'NED19760129',90,'03:34:00',false),
(8,'FRA19860402',NULL,NULL,true),
(8,'FRA19880824',NULL,NULL,true),
(8,'FRA19821229',NULL,NULL,true),
(8,'FRA19780106',NULL,NULL,true),
(8,'FRA19791027',NULL,NULL,true),
(8,'FRA19850102',NULL,NULL,true),
(8,'ITA19750114',NULL,NULL,true),
(8,'UKR19830723',NULL,NULL,true),
(8,'SLO19850813',NULL,NULL,true),
(8,'FRA19861010',NULL,NULL,true),
(8,'FRA19840426',NULL,NULL,true),
(8,'FRA19841126',NULL,NULL,true),
(8,'FRA19870926',NULL,NULL,true),
(8,'FRA19860820',NULL,NULL,true),
(8,'GER19870122',NULL,NULL,true),
(8,'ITA19821119',NULL,NULL,true),
(8,'FRA19800102',NULL,NULL,true),
(8,'SUI19850826',NULL,NULL,true),
(8,'USA19771208',NULL,NULL,true),
(8,'FRA19820202',NULL,NULL,true),
(8,'RUS19820129',NULL,NULL,true),
(8,'RUS19820704',NULL,NULL,true),
(8,'FRA19790521',NULL,NULL,true),
(8,'BEL19840927',NULL,NULL,true),
(8,'POR19810515',NULL,NULL,true),
(8,'FRA19850726',NULL,NULL,true),
(8,'ESP19790123',NULL,NULL,true),
(8,'DEN19840406',NULL,NULL,true),
(8,'GER19890825',NULL,NULL,true),
(8,'NED19820911',NULL,NULL,true),
(8,'NED19861112',NULL,NULL,true),
(8,'FRA19830622',NULL,NULL,true),
(8,'FRA19850508',NULL,NULL,true),
(8,'FRA19781130',NULL,NULL,true),
(8,'RSA19770422',NULL,NULL,true),
(8,'CRO19860809',NULL,NULL,true),
(8,'KAZ19730916',NULL,NULL,true),
(8,'ESP19831016',NULL,NULL,true),
(8,'BEL19830201',NULL,NULL,true),
(8,'ESP19720804',NULL,NULL,true),
(8,'ESP19781127',NULL,NULL,true),
(8,'GBR19740312',NULL,NULL,true),
(8,'DEN19840609',NULL,NULL,true),
(8,'USA19790324',NULL,NULL,true),
(8,'BEL19810204',NULL,NULL,true),
(8,'NOR19760408',NULL,NULL,true),
(8,'GBR19800811',NULL,NULL,true),
(8,'NED19850218',NULL,NULL,true),
(8,'NED19771105',NULL,NULL,true),
(8,'NED19801113',NULL,NULL,true),
(8,'ESP19760424',NULL,NULL,true);

/**********************************************
*  Création de la table temporaire            *
*  participer_pnc qui accueillera les         *
*  correspondance de dossard du Paris-Nice    *
*                                             *
**********************************************/
CREATE TABLE participer_pnc
(
  idcoureur character(11) NOT NULL,
  dossard integer,
  CONSTRAINT pk_participer_pnc PRIMARY KEY(idcoureur)
);

/**********************************************
*  Données de la table participer_pnc(176)    *
*                                             *
**********************************************/
INSERT INTO participer_pnc VALUES ('ESP19831124',1),
('ESP19760424',2),
('NED19861126',3),
('GER19751103',4),
('NED19801113',5),
('NED19771105',6),
('NED19850218',7),
('NED19810405',8),
('CAN19801209',11),
('AUS19840225',12),
('FRA19800911',13),
('GBR19800811',14),
('NED19830727',15),
('NOR19760408',16),
('USA19881123',17),
('BEL19810204',18),
('GER19850423',21),
('DEN19800116',22),
('AUS19861105',23),
('USA19790324',24),
('DEN19840609',25),
('BLR19820809',26),
('USA19880812',27),
('SVK19850221',28),
('GBR19800428',31),
('AUS19800516',32),
('NZL19760910',33),
('GBR19740312',34),
('AUS19791220',35),
('GBR19860525',36),
('COL19870126',37),
('ESP19770317',38),
('IRL19840703',41),
('FRA19861103',42),
('FRA19801113',43),
('FRA19860903',44),
('FRA19820612',45),
('FRA19770522',46),
('FRA19830928',47),
('FRA19810117',48),
('ESP19781127',51),
('ESP19720804',52),
('ESP19760120',53),
('ESP19810513',54),
('ESP19840116',55),
('ESP19791002',56),
('ESP19850608',57),
('ESP19781105',58),
('BEL19830201',61),
('BEL19860214',62),
('BEL19860826',63),
('BEL19850202',64),
('ESP19831016',65),
('BEL19850702',66),
('BEL19770209',67),
('FIN19810329',68),
('KAZ19730916',71),
('FRA19850731',72),
('KAZ19760815',73),
('UKR19830807',74),
('SWE19800517',75),
('CRO19860809',76),
('CZE19860506',77),
('LTU19820204',78),
('SLO19831218',81),
('USA19850509',82),
('RSA19770422',83),
('ESP19800205',84),
('GER19750622',85),
('USA19731024',86),
('FRA19810630',87),
('POR19800326',88),
('FRA19781130',91),
('FRA19790202',92),
('FRA19860116',93),
('FRA19861112',94),
('FRA19820404',95),
('FRA19850508',96),
('FRA19830622',97),
('FRA19881126',98),
('FRA19840416',101),
('ITA19790325',102),
('BEL19861106',103),
('BEL19790829',104),
('UZB19810114',105),
('BEL19770701',106),
('NED19861112',107),
('NED19820911',108),
('SVK19900126',111),
('ITA19850106',112),
('ITA19860613',113),
('ITA19850510',114),
('SLO19861125',115),
('GER19890825',116),
('POL19860912',117),
('ITA19870117',118),
('AUS19850130',121),
('DEN19840406',122),
('LUX19840719',123),
('ARG19830418',124),
('ESP19790123',125),
('DEN19840905',126),
('DEN19750514',127),
('DEN19811204',128),
('LUX19800415',131),
('FRA19850726',132),
('DEN19850322',133),
('GER19820916',134),
('BEL19830114',135),
('POR19810515',136),
('GER19710917',137),
('BEL19840927',138),
('FRA19750430',141),
('FRA19790521',142),
('FRA19800820',143),
('FRA19850601',144),
('FRA19880524',145),
('ESP19840323',146),
('EST19870424',147),
('FRA19820223',148),
('RUS19820704',151),
('RUS19820129',152),
('RUS19870307',153),
('BEL19770717',154),
('RUS19750305',155),
('RUS19840126',156),
('RUS19850702',157),
('RUS19821201',158),
('FRA19820202',161),
('USA19840216',162),
('BEL19890626',163),
('NED19760129',164),
('USA19771208',165),
('SUI19830130',166),
('ITA19840430',167),
('SUI19850826',168),
('FRA19790630',171),
('NED19840215',172),
('BEL19820527',173),
('BEL19860409',174),
('FRA19800102',175),
('ITA19821119',176),
('GER19870122',177),
('BEL19800930',178),
('FRA19790622',181),
('FRA19860820',182),
('FRA19870926',183),
('FRA19841126',184),
('FRA19830106',185),
('FRA19840426',186),
('FRA19861010',187),
('FRA19840411',188),
('ESP19780205',191),
('ESP19820616',192),
('FRA19840607',193),
('ESP19770420',194),
('ESP19871007',195),
('FRA19880101',196),
('ESP19800329',197),
('ESP19781104',198),
('SLO19850813',201),
('ITA19831111',202),
('ITA19840801',203),
('UKR19830723',204),
('ITA19760328',205),
('ITA19750114',206),
('SLO19860623',207),
('ITA19890715',208),
('FRA19850102',211),
('FRA19800123',212),
('FRA19790701',213),
('FRA19791027',214),
('FRA19780106',215),
('FRA19821229',216),
('FRA19880824',217),
('FRA19860402',218);



















