﻿-- NETTOYAGE
DROP TABLE IF EXISTS fournisseur, lot, article, achat, listecourses, rayon, marque;

-- TABLE RAYON
CREATE TABLE rayon
(
  idrayon numeric(2) NOT NULL,  
  libelle character varying,
  CONSTRAINT pk_rayon PRIMARY KEY(idrayon)
);
COMMENT ON TABLE rayon IS 'Table rayon qui contiendra la liste des rayon faites de notre magasin';

-- TABLE MARQUE
CREATE TABLE marque
(
  idmarque numeric(3) NOT NULL,
  nom character varying,
  CONSTRAINT pk_marque PRIMARY KEY(idmarque)
);
COMMENT ON TABLE marque IS 'Table marque qui contiendra la liste des marques des articles dans notre magasin';

-- TABLE ARTICLE  
CREATE TABLE article
(
  idarticle numeric(13) NOT NULL,
  libelle character varying,
  prix numeric(6,2),
  packaging character varying,
  unitemesure character varying,
  quantite numeric(8,3),
  bio boolean,
  idrayon numeric(2) NOT NULL,
  idmarque numeric(3) NOT NULL,
  CONSTRAINT pk_article PRIMARY KEY(idarticle),
  CONSTRAINT fk_rayon FOREIGN KEY (idrayon) REFERENCES rayon (idrayon),
  CONSTRAINT fk_marque FOREIGN KEY (idmarque) REFERENCES marque (idmarque)
);
COMMENT ON TABLE article IS 'Table article qui contiendra les différents articles de notre magasin';

-- TABLE ACHAT
CREATE TABLE achat
(
  idachat numeric(8) NOT NULL,
  dateachat date,
  montanttotal numeric(6,2),
  CONSTRAINT pk_achat PRIMARY KEY(idachat)
);
COMMENT ON TABLE achat IS 'Table achat qui contiendra les différents achats fait dans notre magasin';

-- TABLE LISTECOURSES
CREATE TABLE listecourses
(
  idarticle numeric(13) NOT NULL,
  idachat numeric(8) NOT NULL,    
  quantite numeric(3),
  CONSTRAINT pk_listecourses PRIMARY KEY(idachat,idarticle),
  CONSTRAINT fk_article FOREIGN KEY (idarticle) REFERENCES article (idarticle),
  CONSTRAINT fk_achat FOREIGN KEY (idachat) REFERENCES achat (idachat)
);
COMMENT ON TABLE listecourses IS 'Table listecourses qui contiendra la liste des courses faites dans notre magasin';

-- TABLE FOURNISSEUR
CREATE TABLE fournisseur
(
  idfournisseur numeric(4) NOT NULL,
  raisonsociale character varying,
  adresserue character varying,
  adressecp character varying,
  adresseville character varying,
  email character varying,
  numerotelephone character varying,
  distancekm numeric(4,1),
  CONSTRAINT pk_fournisseur PRIMARY KEY(idfournisseur)
);
COMMENT ON TABLE fournisseur IS 'Table fournisseur qui contiendra les différents fournisseurs de notre magasin';

-- TABLE LOT
CREATE TABLE lot
(
  idlot character(10) NOT NULL,
  idarticle numeric(13) NOT NULL,
  datefabrication date,
  datelivraison date,
  dateperemption date,
  idfournisseur numeric(4),
  CONSTRAINT pk_lot PRIMARY KEY(idlot,idarticle),
  CONSTRAINT fk_article FOREIGN KEY (idarticle) REFERENCES article (idarticle),
  CONSTRAINT fk_fournisseur FOREIGN KEY (idfournisseur) REFERENCES fournisseur (idfournisseur)  
);
COMMENT ON TABLE lot IS 'Table lot qui contiendra les différents lots de notre magasin';

-- INSERTIONS DES DONNEES DE BASE
INSERT INTO fournisseur (idfournisseur,raisonsociale,adresserue,adressecp,adresseville,email,numerotelephone,distancekm) VALUES (1,'Legum''Rapid','chemin de la Bouyère','83190','Ollioules','contact@legum-rapid.fr','04.94.63.11.99',4.7);
INSERT INTO fournisseur (idfournisseur,raisonsociale,adresserue,adressecp,adresseville,email,numerotelephone,distancekm) VALUES (2,'Livre boite','boulevard de l''Europe','83500','La Seyne sur Mer','livreboite@orange.fr','04.98.55.25.25',6.8);
INSERT INTO fournisseur (idfournisseur,raisonsociale,adresserue,adressecp,adresseville,email,numerotelephone,distancekm) VALUES (3,'Le laitier','Littoral Frédéric Mistral','83000','Toulon','le_laitier@orange.fr','04.94.10.31.20',3.5);
INSERT INTO fournisseur (idfournisseur,raisonsociale,adresserue,adressecp,adresseville,email,numerotelephone,distancekm) VALUES (4,'Le boucher','boulevard Nicolas','83000','Toulon','admin@leboucher.fr','04.95.52.14.25',1.5);
INSERT INTO fournisseur (idfournisseur,raisonsociale,adresserue,adressecp,adresseville,email,numerotelephone,distancekm) VALUES (5,'Surgel''2000','chemin des Douaniers','83130','La Garde','surgel2000@gmail.com','04.94.21.88.91',6.8);
INSERT INTO fournisseur (idfournisseur,raisonsociale,adresserue,adressecp,adresseville,email,numerotelephone,distancekm) VALUES (6,'Pains et gâteaux','chemin de la Colle','83330','Evenos','pg@yahoo.fr','04.94.90.10.55',10);
INSERT INTO fournisseur (idfournisseur,raisonsociale,adresserue,adressecp,adresseville,email,numerotelephone,distancekm) VALUES (7,'Super boissons','cours Lieutaud','13006','Marseille','super.b@super-boissons.com','04.91.13.89.89',62.3);
INSERT INTO fournisseur (idfournisseur,raisonsociale,adresserue,adressecp,adresseville,email,numerotelephone,distancekm) VALUES (8,'Librairie Molière','boulevard du Midi','06400','Cannes','libmoliere@orange.fr','04.93.99.77.99',122);
INSERT INTO fournisseur (idfournisseur,raisonsociale,adresserue,adressecp,adresseville,email,numerotelephone,distancekm) VALUES (9,'Toutous miam','rue murette','84120','Pertuis',NULL,'04.90.10.86.98',105);
INSERT INTO fournisseur (idfournisseur,raisonsociale,adresserue,adressecp,adresseville,email,numerotelephone,distancekm) VALUES (10,'Au bon blé','allée de Verdun','13650','Meyrargues','abb@gmail.com','04.92.72.00.16',100);
INSERT INTO fournisseur (idfournisseur,raisonsociale,adresserue,adressecp,adresseville,email,numerotelephone,distancekm) VALUES (11,'Lavandes et parfums','rue Bayard','05000','Gap','lavandou@agap.org','04.92.56.06.05',234);
INSERT INTO marque (idmarque,nom) VALUES (1,'Amogla');
INSERT INTO marque (idmarque,nom) VALUES (2,'Balzone');
INSERT INTO marque (idmarque,nom) VALUES (3,'Bonbio');
INSERT INTO marque (idmarque,nom) VALUES (4,'Bonduil');
INSERT INTO marque (idmarque,nom) VALUES (5,'Brog');
INSERT INTO marque (idmarque,nom) VALUES (6,'Carchan');
INSERT INTO marque (idmarque,nom) VALUES (7,'Colombian');
INSERT INTO marque (idmarque,nom) VALUES (8,'Cornello');
INSERT INTO marque (idmarque,nom) VALUES (9,'Crouwesli');
INSERT INTO marque (idmarque,nom) VALUES (10,'Danine');
INSERT INTO marque (idmarque,nom) VALUES (11,'Géant rouge');
INSERT INTO marque (idmarque,nom) VALUES (12,'Jardinio');
INSERT INTO marque (idmarque,nom) VALUES (13,'Label bleu');
INSERT INTO marque (idmarque,nom) VALUES (14,'Le Chiot');
INSERT INTO marque (idmarque,nom) VALUES (15,'Le Gallois');
INSERT INTO marque (idmarque,nom) VALUES (16,'Le vieux');
INSERT INTO marque (idmarque,nom) VALUES (17,'M-Killer');
INSERT INTO marque (idmarque,nom) VALUES (18,'Mont Bleu');
INSERT INTO marque (idmarque,nom) VALUES (19,'Neetex');
INSERT INTO marque (idmarque,nom) VALUES (20,'Nénuphare');
INSERT INTO marque (idmarque,nom) VALUES (21,'Pommish');
INSERT INTO marque (idmarque,nom) VALUES (22,'Resto');
INSERT INTO marque (idmarque,nom) VALUES (23,'Saint André');
INSERT INTO marque (idmarque,nom) VALUES (24,'Sally''s');
INSERT INTO marque (idmarque,nom) VALUES (25,'Sododo');
INSERT INTO marque (idmarque,nom) VALUES (26,'Tropicala');
INSERT INTO marque (idmarque,nom) VALUES (27,'Vilvic');
INSERT INTO marque (idmarque,nom) VALUES (28,'Wash');
INSERT INTO marque (idmarque,nom) VALUES (29,'Youplou');
INSERT INTO marque (idmarque,nom) VALUES (30,'Flagada');
INSERT INTO rayon (idrayon,libelle) VALUES (1,'Apéritifs');
INSERT INTO rayon (idrayon,libelle) VALUES (2,'Boissons');
INSERT INTO rayon (idrayon,libelle) VALUES (3,'Boucherie');
INSERT INTO rayon (idrayon,libelle) VALUES (4,'Condiments');
INSERT INTO rayon (idrayon,libelle) VALUES (5,'Conserves');
INSERT INTO rayon (idrayon,libelle) VALUES (6,'Fromages');
INSERT INTO rayon (idrayon,libelle) VALUES (7,'Fruits et légumes');
INSERT INTO rayon (idrayon,libelle) VALUES (8,'Gâteaux');
INSERT INTO rayon (idrayon,libelle) VALUES (9,'Pain');
INSERT INTO rayon (idrayon,libelle) VALUES (10,'Petit déjeuner');
INSERT INTO rayon (idrayon,libelle) VALUES (11,'Produits laitiers');
INSERT INTO rayon (idrayon,libelle) VALUES (12,'Produits ménagers');
INSERT INTO rayon (idrayon,libelle) VALUES (13,'Surgelés');
INSERT INTO rayon (idrayon,libelle) VALUES (14,'Traiteur');
INSERT INTO rayon (idrayon,libelle) VALUES (15,'Papeterie');
INSERT INTO article (idarticle,libelle,prix,packaging,unitemesure,quantite,bio,idrayon,idmarque) VALUES (3354349412151,'Camembert',1.65,NULL,'g',250,FALSE,6,15);
INSERT INTO article (idarticle,libelle,prix,packaging,unitemesure,quantite,bio,idrayon,idmarque) VALUES (3001889762899,'Merguez',4.5,'Par 12','g',600,FALSE,3,15);
INSERT INTO article (idarticle,libelle,prix,packaging,unitemesure,quantite,bio,idrayon,idmarque) VALUES (3525014803501,'Morceaux de poulet au paprika',4.95,'Par 6','g',750,FALSE,3,13);
INSERT INTO article (idarticle,libelle,prix,packaging,unitemesure,quantite,bio,idrayon,idmarque) VALUES (3597521436775,'Terrine de campagne',2.06,'Par 2','g',100,FALSE,5,6);
INSERT INTO article (idarticle,libelle,prix,packaging,unitemesure,quantite,bio,idrayon,idmarque) VALUES (3481860953738,'Ketchup nature',0.99,NULL,'g',490,FALSE,4,1);
INSERT INTO article (idarticle,libelle,prix,packaging,unitemesure,quantite,bio,idrayon,idmarque) VALUES (3068633167405,'Spaghettis au petit épeautre bio',3.58,'Par 2','g',500,TRUE,14,5);
INSERT INTO article (idarticle,libelle,prix,packaging,unitemesure,quantite,bio,idrayon,idmarque) VALUES (3225251717484,'Steaks hachés 15% M.G.',2.5,'Par 2','g',250,TRUE,3,6);
INSERT INTO article (idarticle,libelle,prix,packaging,unitemesure,quantite,bio,idrayon,idmarque) VALUES (3151909536785,'Céréales petit déjeuner au miel',2.24,NULL,'g',250,TRUE,10,12);
INSERT INTO article (idarticle,libelle,prix,packaging,unitemesure,quantite,bio,idrayon,idmarque) VALUES (3121607865655,'Chips salées ',1.98,'Par 2','g',270,FALSE,1,2);
INSERT INTO article (idarticle,libelle,prix,packaging,unitemesure,quantite,bio,idrayon,idmarque) VALUES (3552422907832,'Coeurs de palmiers',1,NULL,'g',220,FALSE,5,11);
INSERT INTO article (idarticle,libelle,prix,packaging,unitemesure,quantite,bio,idrayon,idmarque) VALUES (3516986208407,'Asperges blanches',1.75,'Par 2','g',220,FALSE,5,6);
INSERT INTO article (idarticle,libelle,prix,packaging,unitemesure,quantite,bio,idrayon,idmarque) VALUES (3131737823058,'Maïs tendre',1.9,'Par 3','g',420,FALSE,5,11);
INSERT INTO article (idarticle,libelle,prix,packaging,unitemesure,quantite,bio,idrayon,idmarque) VALUES (3409484763331,'Pizza quatre fromages',2.99,'Par 3','g',1020,FALSE,13,22);
INSERT INTO article (idarticle,libelle,prix,packaging,unitemesure,quantite,bio,idrayon,idmarque) VALUES (3534599048760,'Sandwich Poulet/Cheddar',2.8,NULL,'g',210,FALSE,14,25);
INSERT INTO article (idarticle,libelle,prix,packaging,unitemesure,quantite,bio,idrayon,idmarque) VALUES (3200337190998,'Rillettes de truite bio',4.03,NULL,'g',90,TRUE,1,5);
INSERT INTO article (idarticle,libelle,prix,packaging,unitemesure,quantite,bio,idrayon,idmarque) VALUES (3343719338918,'Tofu bio nature',2.45,NULL,'g',400,TRUE,11,3);
INSERT INTO article (idarticle,libelle,prix,packaging,unitemesure,quantite,bio,idrayon,idmarque) VALUES (3229968785541,'Glaces chocolat en cornets',3.14,'Par 6','l',540,FALSE,13,8);
INSERT INTO article (idarticle,libelle,prix,packaging,unitemesure,quantite,bio,idrayon,idmarque) VALUES (3369206920240,'Faisselle de Rians',2.47,NULL,'g',1000,FALSE,6,6);
INSERT INTO article (idarticle,libelle,prix,packaging,unitemesure,quantite,bio,idrayon,idmarque) VALUES (3509408179493,'Beure doux',2.41,NULL,'g',500,FALSE,11,23);
INSERT INTO article (idarticle,libelle,prix,packaging,unitemesure,quantite,bio,idrayon,idmarque) VALUES (3171487951995,'Epinards surgelés en feuilles',1.68,NULL,'g',790,FALSE,13,4);
INSERT INTO article (idarticle,libelle,prix,packaging,unitemesure,quantite,bio,idrayon,idmarque) VALUES (3326205190731,'Galettes de légumes surgelées',1.8,NULL,'g',375,FALSE,13,4);
INSERT INTO article (idarticle,libelle,prix,packaging,unitemesure,quantite,bio,idrayon,idmarque) VALUES (3359424204352,'Panaché de jeunes pousses',2.25,NULL,'g',125,TRUE,14,6);
INSERT INTO article (idarticle,libelle,prix,packaging,unitemesure,quantite,bio,idrayon,idmarque) VALUES (3459590293139,'Sandwich Jambon/Fromage',1.75,NULL,'g',135,FALSE,14,25);
INSERT INTO article (idarticle,libelle,prix,packaging,unitemesure,quantite,bio,idrayon,idmarque) VALUES (3593960835823,'Desserts fruitiers sans sucre ajouté',3.59,'Par 12','g',1200,FALSE,11,29);
INSERT INTO article (idarticle,libelle,prix,packaging,unitemesure,quantite,bio,idrayon,idmarque) VALUES (3237745052708,'Yaourt aux fruits panachés',3.67,'Par 16','g',2000,FALSE,11,10);
INSERT INTO article (idarticle,libelle,prix,packaging,unitemesure,quantite,bio,idrayon,idmarque) VALUES (3390734546604,'Taille mince aux fruits mixés',3.68,'Par 16','g',2000,FALSE,11,10);
INSERT INTO article (idarticle,libelle,prix,packaging,unitemesure,quantite,bio,idrayon,idmarque) VALUES (3223326047697,'Céréales chocolat cappuccino',2.27,NULL,'g',500,FALSE,10,9);
INSERT INTO article (idarticle,libelle,prix,packaging,unitemesure,quantite,bio,idrayon,idmarque) VALUES (3542920848581,'Pain de mie nature',0.99,NULL,'g',550,FALSE,9,24);
INSERT INTO article (idarticle,libelle,prix,packaging,unitemesure,quantite,bio,idrayon,idmarque) VALUES (3349004088541,'Café moulu',4.31,'Par 2','g',500,FALSE,10,7);
INSERT INTO article (idarticle,libelle,prix,packaging,unitemesure,quantite,bio,idrayon,idmarque) VALUES (3352375380959,'Crème dessert',5.35,'Par 3','g',1710,FALSE,11,18);
INSERT INTO article (idarticle,libelle,prix,packaging,unitemesure,quantite,bio,idrayon,idmarque) VALUES (3261118747208,'100% pur jus d''orange sans pulpe',5.35,'Par 2','l',3,FALSE,2,26);
INSERT INTO article (idarticle,libelle,prix,packaging,unitemesure,quantite,bio,idrayon,idmarque) VALUES (3595559170063,'Oranges à jus bio',1.5,NULL,'g',1000,TRUE,2,6);
INSERT INTO article (idarticle,libelle,prix,packaging,unitemesure,quantite,bio,idrayon,idmarque) VALUES (3015807622329,'Bananes solidaires d''amérique centrale',1.45,NULL,'g',1000,TRUE,7,6);
INSERT INTO article (idarticle,libelle,prix,packaging,unitemesure,quantite,bio,idrayon,idmarque) VALUES (3593188657084,'Betteraves agriculture bio',1,NULL,'g',500,TRUE,7,6);
INSERT INTO article (idarticle,libelle,prix,packaging,unitemesure,quantite,bio,idrayon,idmarque) VALUES (3546444503559,'Jus de fruits multivitaminés',4.19,'Par 2','l',2,FALSE,2,26);
INSERT INTO article (idarticle,libelle,prix,packaging,unitemesure,quantite,bio,idrayon,idmarque) VALUES (3427646934463,'Lessive liquide linge sensible',7.15,NULL,'l',3,FALSE,12,14);
INSERT INTO article (idarticle,libelle,prix,packaging,unitemesure,quantite,bio,idrayon,idmarque) VALUES (3577243949499,'Papier toilette confort',9.75,'Par 32',NULL,NULL,FALSE,12,20);
INSERT INTO article (idarticle,libelle,prix,packaging,unitemesure,quantite,bio,idrayon,idmarque) VALUES (3112582246552,'Diffuseur électrique anti-moustiques',5.5,NULL,NULL,NULL,FALSE,12,17);
INSERT INTO article (idarticle,libelle,prix,packaging,unitemesure,quantite,bio,idrayon,idmarque) VALUES (3278205366568,'Pochon de légumes bio préparés',1.72,NULL,'g',250,TRUE,1,12);
INSERT INTO article (idarticle,libelle,prix,packaging,unitemesure,quantite,bio,idrayon,idmarque) VALUES (3394106393403,'Boisson au soja aromatisée à la vanille',3.44,'Par 2','l',2,TRUE,2,5);
INSERT INTO article (idarticle,libelle,prix,packaging,unitemesure,quantite,bio,idrayon,idmarque) VALUES (3424741444796,'Boisson délice à la châtaigne',4.12,'Par 2','l',2,TRUE,2,5);
INSERT INTO article (idarticle,libelle,prix,packaging,unitemesure,quantite,bio,idrayon,idmarque) VALUES (3512502319390,'Faux filet de viande bovine à griller bio',19.9,NULL,'g',1000,TRUE,3,12);
INSERT INTO article (idarticle,libelle,prix,packaging,unitemesure,quantite,bio,idrayon,idmarque) VALUES (3285792017364,'Lessive en poudre fraîcheur 2 en 1',14.9,'Par 54','g',4320,FALSE,12,28);
INSERT INTO article (idarticle,libelle,prix,packaging,unitemesure,quantite,bio,idrayon,idmarque) VALUES (3034252731599,'Poudre détachante',6.5,NULL,'g',750,FALSE,12,21);
INSERT INTO article (idarticle,libelle,prix,packaging,unitemesure,quantite,bio,idrayon,idmarque) VALUES (3075466490525,'Mouchoirs famille jetables',2.5,'Par 3',NULL,NULL,FALSE,12,19);
INSERT INTO article (idarticle,libelle,prix,packaging,unitemesure,quantite,bio,idrayon,idmarque) VALUES (3408749435048,'Eau minérale aromatisée à la fraise',0.99,NULL,'l',1.5,FALSE,2,27);
INSERT INTO article (idarticle,libelle,prix,packaging,unitemesure,quantite,bio,idrayon,idmarque) VALUES (3210926825679,'Biscuits fourrés au chocolat au lait',3.36,'Par 2','g',450,TRUE,8,5);
INSERT INTO article (idarticle,libelle,prix,packaging,unitemesure,quantite,bio,idrayon,idmarque) VALUES (3571343825880,'Galettes au riz complet',2.3,'Par 2','g',260,TRUE,1,5);
INSERT INTO article (idarticle,libelle,prix,packaging,unitemesure,quantite,bio,idrayon,idmarque) VALUES (3345652746243,'Galettes au millet et champignons',1.68,NULL,'g',200,TRUE,1,3);
INSERT INTO article (idarticle,libelle,prix,packaging,unitemesure,quantite,bio,idrayon,idmarque) VALUES (3515434936605,'Gaufres au miel à la farine d''épeautre',1.77,'Par 2','g',350,TRUE,8,3);
INSERT INTO article (idarticle,libelle,prix,packaging,unitemesure,quantite,bio,idrayon,idmarque) VALUES (3480260024990,'Pur jus de citron bio',1.81,NULL,'l',0.025,TRUE,2,12);
INSERT INTO lot (idlot,idarticle,datefabrication,datelivraison,dateperemption,idfournisseur) VALUES ('L131199944',3343719338918,'14/03/2017','18/03/2017','13/04/2017',3);
INSERT INTO lot (idlot,idarticle,datefabrication,datelivraison,dateperemption,idfournisseur) VALUES ('L131199944',3237745052708,'14/03/2017','18/03/2017','11/04/2017',3);
INSERT INTO lot (idlot,idarticle,datefabrication,datelivraison,dateperemption,idfournisseur) VALUES ('L131199944',3593960835823,'14/03/2017','18/03/2017','02/04/2017',3);
INSERT INTO lot (idlot,idarticle,datefabrication,datelivraison,dateperemption,idfournisseur) VALUES ('L869940382',3171487951995,'15/03/2017','22/03/2017','14/04/2017',5);
INSERT INTO lot (idlot,idarticle,datefabrication,datelivraison,dateperemption,idfournisseur) VALUES ('L582099012',3480260024990,'18/03/2017','22/03/2017','23/04/2017',7);
INSERT INTO lot (idlot,idarticle,datefabrication,datelivraison,dateperemption,idfournisseur) VALUES ('L746375453',3481860953738,'13/03/2017','23/03/2017','02/04/2017',10);
INSERT INTO lot (idlot,idarticle,datefabrication,datelivraison,dateperemption,idfournisseur) VALUES ('L746375453',3131737823058,'13/03/2017','23/03/2017','15/04/2017',10);
INSERT INTO lot (idlot,idarticle,datefabrication,datelivraison,dateperemption,idfournisseur) VALUES ('L393705810',3352375380959,'20/03/2017','23/03/2017','13/04/2017',3);
INSERT INTO lot (idlot,idarticle,datefabrication,datelivraison,dateperemption,idfournisseur) VALUES ('L757572149',3408749435048,'16/03/2017','24/03/2017','14/04/2017',7);
INSERT INTO lot (idlot,idarticle,datefabrication,datelivraison,dateperemption,idfournisseur) VALUES ('L757572149',3345652746243,'16/03/2017','24/03/2017','23/04/2017',7);
INSERT INTO lot (idlot,idarticle,datefabrication,datelivraison,dateperemption,idfournisseur) VALUES ('L757572149',3595559170063,'16/03/2017','24/03/2017','23/04/2017',7);
INSERT INTO lot (idlot,idarticle,datefabrication,datelivraison,dateperemption,idfournisseur) VALUES ('L907052356',3034252731599,'21/03/2017','26/03/2017','12/04/2017',11);
INSERT INTO lot (idlot,idarticle,datefabrication,datelivraison,dateperemption,idfournisseur) VALUES ('L593078838',3326205190731,'23/03/2017','26/03/2017','26/04/2017',5);
INSERT INTO lot (idlot,idarticle,datefabrication,datelivraison,dateperemption,idfournisseur) VALUES ('L530846527',3515434936605,'14/03/2017','28/03/2017','26/04/2017',6);
INSERT INTO lot (idlot,idarticle,datefabrication,datelivraison,dateperemption,idfournisseur) VALUES ('L853801200',3394106393403,'22/03/2017','28/03/2017','30/04/2017',7);
INSERT INTO lot (idlot,idarticle,datefabrication,datelivraison,dateperemption,idfournisseur) VALUES ('L832155239',3229968785541,'20/03/2017','29/03/2017','02/05/2017',5);
INSERT INTO lot (idlot,idarticle,datefabrication,datelivraison,dateperemption,idfournisseur) VALUES ('L581875406',3200337190998,'29/03/2017','31/03/2017','04/05/2017',7);
INSERT INTO lot (idlot,idarticle,datefabrication,datelivraison,dateperemption,idfournisseur) VALUES ('L833899532',3369206920240,'23/03/2017','02/04/2017','02/05/2017',3);
INSERT INTO lot (idlot,idarticle,datefabrication,datelivraison,dateperemption,idfournisseur) VALUES ('L659796489',3577243949499,'25/03/2017','02/04/2017','03/05/2017',11);
INSERT INTO lot (idlot,idarticle,datefabrication,datelivraison,dateperemption,idfournisseur) VALUES ('L509670916',3349004088541,'31/03/2017','04/04/2017','04/05/2017',6);
INSERT INTO lot (idlot,idarticle,datefabrication,datelivraison,dateperemption,idfournisseur) VALUES ('L242572156',3151909536785,'21/03/2017','05/04/2017','05/05/2017',6);
INSERT INTO lot (idlot,idarticle,datefabrication,datelivraison,dateperemption,idfournisseur) VALUES ('L818543523',3285792017364,'29/03/2017','05/04/2017','19/04/2017',11);
INSERT INTO lot (idlot,idarticle,datefabrication,datelivraison,dateperemption,idfournisseur) VALUES ('L876772384',3525014803501,'22/03/2017','06/04/2017','14/04/2017',4);
INSERT INTO lot (idlot,idarticle,datefabrication,datelivraison,dateperemption,idfournisseur) VALUES ('L853621429',3593188657084,'23/03/2017','06/04/2017','11/04/2017',10);
INSERT INTO lot (idlot,idarticle,datefabrication,datelivraison,dateperemption,idfournisseur) VALUES ('L853621429',3359424204352,'26/03/2017','06/04/2017','26/04/2017',10);
INSERT INTO lot (idlot,idarticle,datefabrication,datelivraison,dateperemption,idfournisseur) VALUES ('L497359820',3278205366568,'28/03/2017','06/04/2017','24/04/2017',7);
INSERT INTO lot (idlot,idarticle,datefabrication,datelivraison,dateperemption,idfournisseur) VALUES ('L864920425',3597521436775,'31/03/2017','06/04/2017','14/05/2017',10);
INSERT INTO lot (idlot,idarticle,datefabrication,datelivraison,dateperemption,idfournisseur) VALUES ('L913666975',3225251717484,'25/03/2017','07/04/2017','04/05/2017',4);
INSERT INTO lot (idlot,idarticle,datefabrication,datelivraison,dateperemption,idfournisseur) VALUES ('L619245650',3075466490525,'04/04/2017','10/04/2017','23/04/2017',11);
INSERT INTO lot (idlot,idarticle,datefabrication,datelivraison,dateperemption,idfournisseur) VALUES ('L929845918',3571343825880,'04/04/2017','10/04/2017','18/05/2017',7);
INSERT INTO lot (idlot,idarticle,datefabrication,datelivraison,dateperemption,idfournisseur) VALUES ('L747990688',3509408179493,'01/04/2017','12/04/2017','14/05/2017',3);
INSERT INTO lot (idlot,idarticle,datefabrication,datelivraison,dateperemption,idfournisseur) VALUES ('L711655529',3546444503559,'06/04/2017','12/04/2017','25/04/2017',7);
INSERT INTO lot (idlot,idarticle,datefabrication,datelivraison,dateperemption,idfournisseur) VALUES ('L795897070',3210926825679,'07/04/2017','15/04/2017','05/05/2017',6);
INSERT INTO lot (idlot,idarticle,datefabrication,datelivraison,dateperemption,idfournisseur) VALUES ('L263337454',3427646934463,'13/04/2017','15/04/2017','28/05/2017',11);
INSERT INTO lot (idlot,idarticle,datefabrication,datelivraison,dateperemption,idfournisseur) VALUES ('L688690436',3552422907832,'07/04/2017','17/04/2017','02/05/2017',10);
INSERT INTO lot (idlot,idarticle,datefabrication,datelivraison,dateperemption,idfournisseur) VALUES ('L688690436',3534599048760,'07/04/2017','17/04/2017','29/04/2017',10);
INSERT INTO lot (idlot,idarticle,datefabrication,datelivraison,dateperemption,idfournisseur) VALUES ('L688690436',3516986208407,'07/04/2017','17/04/2017','27/05/2017',10);
INSERT INTO lot (idlot,idarticle,datefabrication,datelivraison,dateperemption,idfournisseur) VALUES ('L174895349',3354349412151,'06/04/2017','19/04/2017','29/04/2017',3);
INSERT INTO lot (idlot,idarticle,datefabrication,datelivraison,dateperemption,idfournisseur) VALUES ('L540659737',3512502319390,'06/04/2017','19/04/2017','21/05/2017',4);
INSERT INTO lot (idlot,idarticle,datefabrication,datelivraison,dateperemption,idfournisseur) VALUES ('L407602027',3121607865655,'15/04/2017','19/04/2017','04/05/2017',7);
INSERT INTO lot (idlot,idarticle,datefabrication,datelivraison,dateperemption,idfournisseur) VALUES ('L454195431',3424741444796,'11/04/2017','20/04/2017','14/05/2017',7);
INSERT INTO lot (idlot,idarticle,datefabrication,datelivraison,dateperemption,idfournisseur) VALUES ('L426601547',3001889762899,'14/04/2017','22/04/2017','17/05/2017',4);
INSERT INTO lot (idlot,idarticle,datefabrication,datelivraison,dateperemption,idfournisseur) VALUES ('L175941216',3261118747208,'16/04/2017','26/04/2017','06/05/2017',7);
INSERT INTO lot (idlot,idarticle,datefabrication,datelivraison,dateperemption,idfournisseur) VALUES ('L962248342',3223326047697,'13/04/2017','27/04/2017','03/05/2017',6);
INSERT INTO lot (idlot,idarticle,datefabrication,datelivraison,dateperemption,idfournisseur) VALUES ('L111268184',3112582246552,'17/04/2017','27/04/2017','07/05/2017',11);
INSERT INTO lot (idlot,idarticle,datefabrication,datelivraison,dateperemption,idfournisseur) VALUES ('L607864030',3409484763331,'17/04/2017','30/04/2017','17/05/2017',5);
INSERT INTO lot (idlot,idarticle,datefabrication,datelivraison,dateperemption,idfournisseur) VALUES ('L277444363',3390734546604,'17/04/2017','30/04/2017','31/05/2017',3);
INSERT INTO lot (idlot,idarticle,datefabrication,datelivraison,dateperemption,idfournisseur) VALUES ('L206199510',3068633167405,'18/04/2017','30/04/2017','24/05/2017',10);
INSERT INTO lot (idlot,idarticle,datefabrication,datelivraison,dateperemption,idfournisseur) VALUES ('L206199510',3459590293139,'18/04/2017','30/04/2017','28/05/2017',10);
INSERT INTO lot (idlot,idarticle,datefabrication,datelivraison,dateperemption,idfournisseur) VALUES ('L206199510',3015807622329,'18/04/2017','30/04/2017','21/05/2017',10);
INSERT INTO lot (idlot,idarticle,datefabrication,datelivraison,dateperemption,idfournisseur) VALUES ('L620469556',3542920848581,'18/04/2017','01/05/2017','31/05/2017',6);
INSERT INTO achat (idachat,dateachat,montanttotal) VALUES (1,'01/04/2017',NULL);
INSERT INTO listecourses (idarticle,idachat,quantite) VALUES (3343719338918,1,1);
INSERT INTO listecourses (idarticle,idachat,quantite) VALUES (3237745052708,1,2);
INSERT INTO listecourses (idarticle,idachat,quantite) VALUES (3593960835823,1,1);
INSERT INTO listecourses (idarticle,idachat,quantite) VALUES (3171487951995,1,1);
INSERT INTO listecourses (idarticle,idachat,quantite) VALUES (3480260024990,1,2);
INSERT INTO listecourses (idarticle,idachat,quantite) VALUES (3481860953738,1,1);
INSERT INTO listecourses (idarticle,idachat,quantite) VALUES (3326205190731,1,1);
INSERT INTO listecourses (idarticle,idachat,quantite) VALUES (3515434936605,1,1);
INSERT INTO listecourses (idarticle,idachat,quantite) VALUES (3394106393403,1,1);
INSERT INTO listecourses (idarticle,idachat,quantite) VALUES (3229968785541,1,3);
INSERT INTO listecourses (idarticle,idachat,quantite) VALUES (3200337190998,1,1);
INSERT INTO listecourses (idarticle,idachat,quantite) VALUES (3542920848581,1,1);
UPDATE achat SET montantTotal=9.77 WHERE idAchat=1;
INSERT INTO achat (idachat,dateachat,montanttotal) VALUES (2,'01/04/2017',NULL);
INSERT INTO listecourses (idarticle,idachat,quantite) VALUES (3352375380959,2,1);
INSERT INTO listecourses (idarticle,idachat,quantite) VALUES (3408749435048,2,1);
INSERT INTO listecourses (idarticle,idachat,quantite) VALUES (3345652746243,2,1);
INSERT INTO listecourses (idarticle,idachat,quantite) VALUES (3595559170063,2,1);
INSERT INTO listecourses (idarticle,idachat,quantite) VALUES (3034252731599,2,1);
INSERT INTO listecourses (idarticle,idachat,quantite) VALUES (3542920848581,2,1);
UPDATE achat SET montantTotal=41.43 WHERE idAchat=2;
INSERT INTO achat (idachat,dateachat,montanttotal) VALUES (3,'01/04/2017',NULL);
INSERT INTO listecourses (idarticle,idachat,quantite) VALUES (3326205190731,3,1);
INSERT INTO listecourses (idarticle,idachat,quantite) VALUES (3515434936605,3,2);
INSERT INTO listecourses (idarticle,idachat,quantite) VALUES (3394106393403,3,1);
INSERT INTO listecourses (idarticle,idachat,quantite) VALUES (3542920848581,3,1);
UPDATE achat SET montantTotal=17.08 WHERE idAchat=3;